{"breaks":[0,15,30,45,60,75,90,105,120,135,150,165,180,195,210,225,240,255,270,285,300,315,330,345,360,375,390,405,420,435,450,465,480,495,510,525,540,555,570,585,600,615,630,645,660,675,690,705,720,735,750,765,780,795,810,825,840,855,870,885,900,915,930,945,960,975,990,1005,1020,1035,1050,1065,1080,1095,1110,1125,1140,1155,1170,1185,1200,1215,1230,1245,1260,1275,1290,1305,1320,1335,1350,1365,1380,1395,1410,1425,1440],"counts":[32,26,28,21,24,28,18,10,7,11,10,12,8,1,7,10,6,7,7,8,5,6,4,7,8,12,7,15,26,26,49,35,21,24,19,20,27,28,28,22,25,26,28,38,27,35,36,26,26,23,49,33,36,44,37,37,33,41,31,42,41,41,41,40,48,45,41,43,38,39,57,48,50,43,45,48,71,47,64,59,51,63,76,84,95,75,84,69,69,46,55,49,46,42,40,27],"density":[0.000653795,0.000531208,0.000572071,0.000429053,0.000490346,0.000572071,0.00036776,0.000204311,0.000143018,0.000224742,0.000204311,0.000245173,0.000163449,2.04311e-05,0.000143018,0.000204311,0.000122587,0.000143018,0.000143018,0.000163449,0.000102155,0.000122587,8.17244e-05,0.000143018,0.000163449,0.000245173,0.000143018,0.000306466,0.000531208,0.000531208,0.00100112,0.000715088,0.000429053,0.000490346,0.000388191,0.000408622,0.00055164,0.000572071,0.000572071,0.000449484,0.000510777,0.000531208,0.000572071,0.000776382,0.00055164,0.000715088,0.000735519,0.000531208,0.000531208,0.000469915,0.00100112,0.000674226,0.000735519,0.000898968,0.000755951,0.000755951,0.000674226,0.000837675,0.000633364,0.000858106,0.000837675,0.000837675,0.000837675,0.000817244,0.000980693,0.000919399,0.000837675,0.000878537,0.000776382,0.000796813,0.00116457,0.000980693,0.00102155,0.000878537,0.000919399,0.000980693,0.00145061,0.000960262,0.00130759,0.00120543,0.00104199,0.00128716,0.00155276,0.00171621,0.00194095,0.00153233,0.00171621,0.00140975,0.00140975,0.00093983,0.00112371,0.00100112,0.00093983,0.000858106,0.000817244,0.00055164],"mids":[7.5,22.5,37.5,52.5,67.5,82.5,97.5,112.5,127.5,142.5,157.5,172.5,187.5,202.5,217.5,232.5,247.5,262.5,277.5,292.5,307.5,322.5,337.5,352.5,367.5,382.5,397.5,412.5,427.5,442.5,457.5,472.5,487.5,502.5,517.5,532.5,547.5,562.5,577.5,592.5,607.5,622.5,637.5,652.5,667.5,682.5,697.5,712.5,727.5,742.5,757.5,772.5,787.5,802.5,817.5,832.5,847.5,862.5,877.5,892.5,907.5,922.5,937.5,952.5,967.5,982.5,997.5,1012.5,1027.5,1042.5,1057.5,1072.5,1087.5,1102.5,1117.5,1132.5,1147.5,1162.5,1177.5,1192.5,1207.5,1222.5,1237.5,1252.5,1267.5,1282.5,1297.5,1312.5,1327.5,1342.5,1357.5,1372.5,1387.5,1402.5,1417.5,1432.5],"xname":"d$published_tod","equidist":true}
