{"breaks":[0,15,30,45,60,75,90,105,120,135,150,165,180,195,210,225,240,255,270,285,300,315,330,345,360,375,390,405,420,435,450,465,480,495,510,525,540,555,570,585,600,615,630,645,660,675,690,705,720,735,750,765,780,795,810,825,840,855,870,885,900,915,930,945,960,975,990,1005,1020,1035,1050,1065,1080,1095,1110,1125,1140,1155,1170,1185,1200,1215,1230,1245,1260,1275,1290,1305,1320,1335,1350,1365,1380,1395,1410,1425,1440],"counts":[51,47,55,38,33,39,44,30,22,33,23,21,21,16,12,12,13,19,7,9,8,13,2,2,2,10,11,7,2,9,14,15,15,18,13,30,22,22,21,27,37,32,32,33,33,39,34,35,40,48,37,31,33,37,50,42,41,35,39,38,36,28,40,55,44,53,27,49,38,47,44,44,46,55,44,49,40,45,46,59,54,56,49,64,45,58,55,61,57,51,55,60,65,62,66,58],"density":[0.00101221,0.000932817,0.00109159,0.000754193,0.000654957,0.00077404,0.000873276,0.000595415,0.000436638,0.000654957,0.000456485,0.000416791,0.000416791,0.000317555,0.000238166,0.000238166,0.000258013,0.000377096,0.00013893,0.000178625,0.000158777,0.000258013,3.96944e-05,3.96944e-05,3.96944e-05,0.000198472,0.000218319,0.00013893,3.96944e-05,0.000178625,0.00027786,0.000297708,0.000297708,0.000357249,0.000258013,0.000595415,0.000436638,0.000436638,0.000416791,0.000535874,0.000734346,0.00063511,0.00063511,0.000654957,0.000654957,0.00077404,0.000674804,0.000694651,0.000793887,0.000952664,0.000734346,0.000615262,0.000654957,0.000734346,0.000992359,0.000833581,0.000813734,0.000694651,0.00077404,0.000754193,0.000714498,0.000555721,0.000793887,0.00109159,0.000873276,0.0010519,0.000535874,0.000972512,0.000754193,0.000932817,0.000873276,0.000873276,0.00091297,0.00109159,0.000873276,0.000972512,0.000793887,0.000893123,0.00091297,0.00117098,0.00107175,0.00111144,0.000972512,0.00127022,0.000893123,0.00115114,0.00109159,0.00121068,0.00113129,0.00101221,0.00109159,0.00119083,0.00129007,0.00123052,0.00130991,0.00115114],"mids":[7.5,22.5,37.5,52.5,67.5,82.5,97.5,112.5,127.5,142.5,157.5,172.5,187.5,202.5,217.5,232.5,247.5,262.5,277.5,292.5,307.5,322.5,337.5,352.5,367.5,382.5,397.5,412.5,427.5,442.5,457.5,472.5,487.5,502.5,517.5,532.5,547.5,562.5,577.5,592.5,607.5,622.5,637.5,652.5,667.5,682.5,697.5,712.5,727.5,742.5,757.5,772.5,787.5,802.5,817.5,832.5,847.5,862.5,877.5,892.5,907.5,922.5,937.5,952.5,967.5,982.5,997.5,1012.5,1027.5,1042.5,1057.5,1072.5,1087.5,1102.5,1117.5,1132.5,1147.5,1162.5,1177.5,1192.5,1207.5,1222.5,1237.5,1252.5,1267.5,1282.5,1297.5,1312.5,1327.5,1342.5,1357.5,1372.5,1387.5,1402.5,1417.5,1432.5],"xname":"d$published_tod","equidist":true}
