{"breaks":[0,15,30,45,60,75,90,105,120,135,150,165,180,195,210,225,240,255,270,285,300,315,330,345,360,375,390,405,420,435,450,465,480,495,510,525,540,555,570,585,600,615,630,645,660,675,690,705,720,735,750,765,780,795,810,825,840,855,870,885,900,915,930,945,960,975,990,1005,1020,1035,1050,1065,1080,1095,1110,1125,1140,1155,1170,1185,1200,1215,1230,1245,1260,1275,1290,1305,1320,1335,1350,1365,1380,1395,1410,1425,1440],"counts":[34,59,33,40,25,16,16,11,10,10,6,11,13,4,6,7,4,6,10,4,4,7,4,4,5,7,13,12,13,16,15,17,15,32,12,24,29,32,23,29,27,46,54,33,29,25,38,40,38,27,35,28,32,39,39,22,28,50,32,31,31,26,23,24,31,31,27,36,21,35,34,26,31,30,29,38,33,30,39,66,43,49,44,73,54,35,39,30,30,47,41,43,34,27,29,19],"density":[0.000868788,0.0015076,0.000843235,0.0010221,0.000638814,0.000408841,0.000408841,0.000281078,0.000255526,0.000255526,0.000153315,0.000281078,0.000332183,0.00010221,0.000153315,0.000178868,0.00010221,0.000153315,0.000255526,0.00010221,0.00010221,0.000178868,0.00010221,0.00010221,0.000127763,0.000178868,0.000332183,0.000306631,0.000332183,0.000408841,0.000383289,0.000434394,0.000383289,0.000817682,0.000306631,0.000613262,0.000741025,0.000817682,0.000587709,0.000741025,0.00068992,0.00117542,0.00137984,0.000843235,0.000741025,0.000638814,0.000970998,0.0010221,0.000970998,0.00068992,0.00089434,0.000715472,0.000817682,0.00099655,0.00099655,0.000562157,0.000715472,0.00127763,0.000817682,0.00079213,0.00079213,0.000664367,0.000587709,0.000613262,0.00079213,0.00079213,0.00068992,0.000919893,0.000536604,0.00089434,0.000868788,0.000664367,0.00079213,0.000766577,0.000741025,0.000970998,0.000843235,0.000766577,0.00099655,0.00168647,0.00109876,0.00125208,0.00112431,0.00186534,0.00137984,0.00089434,0.00099655,0.000766577,0.000766577,0.00120097,0.00104766,0.00109876,0.000868788,0.00068992,0.000741025,0.000485499],"mids":[7.5,22.5,37.5,52.5,67.5,82.5,97.5,112.5,127.5,142.5,157.5,172.5,187.5,202.5,217.5,232.5,247.5,262.5,277.5,292.5,307.5,322.5,337.5,352.5,367.5,382.5,397.5,412.5,427.5,442.5,457.5,472.5,487.5,502.5,517.5,532.5,547.5,562.5,577.5,592.5,607.5,622.5,637.5,652.5,667.5,682.5,697.5,712.5,727.5,742.5,757.5,772.5,787.5,802.5,817.5,832.5,847.5,862.5,877.5,892.5,907.5,922.5,937.5,952.5,967.5,982.5,997.5,1012.5,1027.5,1042.5,1057.5,1072.5,1087.5,1102.5,1117.5,1132.5,1147.5,1162.5,1177.5,1192.5,1207.5,1222.5,1237.5,1252.5,1267.5,1282.5,1297.5,1312.5,1327.5,1342.5,1357.5,1372.5,1387.5,1402.5,1417.5,1432.5],"xname":"d$published_tod","equidist":true}
