{"breaks":[0,15,30,45,60,75,90,105,120,135,150,165,180,195,210,225,240,255,270,285,300,315,330,345,360,375,390,405,420,435,450,465,480,495,510,525,540,555,570,585,600,615,630,645,660,675,690,705,720,735,750,765,780,795,810,825,840,855,870,885,900,915,930,945,960,975,990,1005,1020,1035,1050,1065,1080,1095,1110,1125,1140,1155,1170,1185,1200,1215,1230,1245,1260,1275,1290,1305,1320,1335,1350,1365,1380,1395,1410,1425,1440],"counts":[27,19,15,19,17,20,12,8,8,8,7,4,8,6,9,8,4,5,7,5,1,4,1,2,7,10,2,1,11,19,10,9,8,11,22,18,17,19,17,12,18,16,12,18,27,33,14,30,8,12,20,13,24,14,19,17,19,27,17,16,22,14,17,17,25,26,28,40,35,16,33,26,28,19,33,15,31,30,23,25,27,33,30,35,21,22,38,27,37,29,38,27,34,34,26,26],"density":[0.00101237,0.000712411,0.00056243,0.000712411,0.00063742,0.000749906,0.000449944,0.000299963,0.000299963,0.000299963,0.000262467,0.000149981,0.000299963,0.000224972,0.000337458,0.000299963,0.000149981,0.000187477,0.000262467,0.000187477,3.74953e-05,0.000149981,3.74953e-05,7.49906e-05,0.000262467,0.000374953,7.49906e-05,3.74953e-05,0.000412448,0.000712411,0.000374953,0.000337458,0.000299963,0.000412448,0.000824897,0.000674916,0.00063742,0.000712411,0.00063742,0.000449944,0.000674916,0.000599925,0.000449944,0.000674916,0.00101237,0.00123735,0.000524934,0.00112486,0.000299963,0.000449944,0.000749906,0.000487439,0.000899888,0.000524934,0.000712411,0.00063742,0.000712411,0.00101237,0.00063742,0.000599925,0.000824897,0.000524934,0.00063742,0.00063742,0.000937383,0.000974878,0.00104987,0.00149981,0.00131234,0.000599925,0.00123735,0.000974878,0.00104987,0.000712411,0.00123735,0.00056243,0.00116235,0.00112486,0.000862392,0.000937383,0.00101237,0.00123735,0.00112486,0.00131234,0.000787402,0.000824897,0.00142482,0.00101237,0.00138733,0.00108736,0.00142482,0.00101237,0.00127484,0.00127484,0.000974878,0.000974878],"mids":[7.5,22.5,37.5,52.5,67.5,82.5,97.5,112.5,127.5,142.5,157.5,172.5,187.5,202.5,217.5,232.5,247.5,262.5,277.5,292.5,307.5,322.5,337.5,352.5,367.5,382.5,397.5,412.5,427.5,442.5,457.5,472.5,487.5,502.5,517.5,532.5,547.5,562.5,577.5,592.5,607.5,622.5,637.5,652.5,667.5,682.5,697.5,712.5,727.5,742.5,757.5,772.5,787.5,802.5,817.5,832.5,847.5,862.5,877.5,892.5,907.5,922.5,937.5,952.5,967.5,982.5,997.5,1012.5,1027.5,1042.5,1057.5,1072.5,1087.5,1102.5,1117.5,1132.5,1147.5,1162.5,1177.5,1192.5,1207.5,1222.5,1237.5,1252.5,1267.5,1282.5,1297.5,1312.5,1327.5,1342.5,1357.5,1372.5,1387.5,1402.5,1417.5,1432.5],"xname":"d$published_tod","equidist":true}
