{"breaks":[0,15,30,45,60,75,90,105,120,135,150,165,180,195,210,225,240,255,270,285,300,315,330,345,360,375,390,405,420,435,450,465,480,495,510,525,540,555,570,585,600,615,630,645,660,675,690,705,720,735,750,765,780,795,810,825,840,855,870,885,900,915,930,945,960,975,990,1005,1020,1035,1050,1065,1080,1095,1110,1125,1140,1155,1170,1185,1200,1215,1230,1245,1260,1275,1290,1305,1320,1335,1350,1365,1380,1395,1410,1425,1440],"counts":[149,125,101,99,68,73,60,53,42,33,26,20,22,18,13,17,13,8,6,14,8,4,5,5,3,9,10,15,30,33,35,47,52,40,37,58,57,53,63,67,61,78,76,70,77,71,53,66,64,64,50,85,71,50,52,57,70,72,70,93,60,98,82,79,82,79,81,68,79,100,85,79,103,85,80,82,98,103,100,97,113,122,130,135,138,155,199,185,192,201,182,174,155,165,150,131],"density":[0.00138193,0.00115934,0.000936746,0.000918197,0.000630681,0.000677054,0.000556483,0.00049156,0.000389538,0.000306066,0.000241143,0.000185494,0.000204044,0.000166945,0.000120571,0.00015767,0.000120571,7.41977e-05,5.56483e-05,0.000129846,7.41977e-05,3.70989e-05,4.63736e-05,4.63736e-05,2.78242e-05,8.34725e-05,9.27472e-05,0.000139121,0.000278242,0.000306066,0.000324615,0.000435912,0.000482285,0.000370989,0.000343165,0.000537934,0.000528659,0.00049156,0.000584307,0.000621406,0.000565758,0.000723428,0.000704879,0.00064923,0.000714153,0.000658505,0.00049156,0.000612131,0.000593582,0.000593582,0.000463736,0.000788351,0.000658505,0.000463736,0.000482285,0.000528659,0.00064923,0.00066778,0.00064923,0.000862549,0.000556483,0.000908922,0.000760527,0.000732703,0.000760527,0.000732703,0.000751252,0.000630681,0.000732703,0.000927472,0.000788351,0.000732703,0.000955296,0.000788351,0.000741977,0.000760527,0.000908922,0.000955296,0.000927472,0.000899648,0.00104804,0.00113152,0.00120571,0.00125209,0.00127991,0.00143758,0.00184567,0.00171582,0.00178075,0.00186422,0.001688,0.0016138,0.00143758,0.00153033,0.00139121,0.00121499],"mids":[7.5,22.5,37.5,52.5,67.5,82.5,97.5,112.5,127.5,142.5,157.5,172.5,187.5,202.5,217.5,232.5,247.5,262.5,277.5,292.5,307.5,322.5,337.5,352.5,367.5,382.5,397.5,412.5,427.5,442.5,457.5,472.5,487.5,502.5,517.5,532.5,547.5,562.5,577.5,592.5,607.5,622.5,637.5,652.5,667.5,682.5,697.5,712.5,727.5,742.5,757.5,772.5,787.5,802.5,817.5,832.5,847.5,862.5,877.5,892.5,907.5,922.5,937.5,952.5,967.5,982.5,997.5,1012.5,1027.5,1042.5,1057.5,1072.5,1087.5,1102.5,1117.5,1132.5,1147.5,1162.5,1177.5,1192.5,1207.5,1222.5,1237.5,1252.5,1267.5,1282.5,1297.5,1312.5,1327.5,1342.5,1357.5,1372.5,1387.5,1402.5,1417.5,1432.5],"xname":"d$published_tod","equidist":true}
