{"breaks":[0,15,30,45,60,75,90,105,120,135,150,165,180,195,210,225,240,255,270,285,300,315,330,345,360,375,390,405,420,435,450,465,480,495,510,525,540,555,570,585,600,615,630,645,660,675,690,705,720,735,750,765,780,795,810,825,840,855,870,885,900,915,930,945,960,975,990,1005,1020,1035,1050,1065,1080,1095,1110,1125,1140,1155,1170,1185,1200,1215,1230,1245,1260,1275,1290,1305,1320,1335,1350,1365,1380,1395,1410,1425,1440],"counts":[29,33,27,24,34,21,12,13,24,20,11,12,8,10,18,11,7,9,7,2,4,6,6,5,6,5,7,8,4,11,16,19,15,16,16,32,21,21,27,33,28,33,43,35,46,50,43,42,38,50,41,58,59,57,56,51,55,61,52,65,78,50,41,44,50,46,57,43,62,44,63,59,50,58,40,65,62,51,34,64,36,45,50,45,33,49,54,54,25,29,56,43,44,50,45,30],"density":[0.000581979,0.000662252,0.000541842,0.000481638,0.00068232,0.000421433,0.000240819,0.000260887,0.000481638,0.000401365,0.000220751,0.000240819,0.000160546,0.000200682,0.000361228,0.000220751,0.000140478,0.000180614,0.000140478,4.01365e-05,8.02729e-05,0.000120409,0.000120409,0.000100341,0.000120409,0.000100341,0.000140478,0.000160546,8.02729e-05,0.000220751,0.000321092,0.000381296,0.000301023,0.000321092,0.000321092,0.000642183,0.000421433,0.000421433,0.000541842,0.000662252,0.00056191,0.000662252,0.000862934,0.000702388,0.000923139,0.00100341,0.000862934,0.000842866,0.000762593,0.00100341,0.000822798,0.00116396,0.00118403,0.00114389,0.00112382,0.00102348,0.00110375,0.00122416,0.00104355,0.00130444,0.00156532,0.00100341,0.000822798,0.000883002,0.00100341,0.000923139,0.00114389,0.000862934,0.00124423,0.000883002,0.0012643,0.00118403,0.00100341,0.00116396,0.000802729,0.00130444,0.00124423,0.00102348,0.00068232,0.00128437,0.000722456,0.00090307,0.00100341,0.00090307,0.000662252,0.000983343,0.00108368,0.00108368,0.000501706,0.000581979,0.00112382,0.000862934,0.000883002,0.00100341,0.00090307,0.000602047],"mids":[7.5,22.5,37.5,52.5,67.5,82.5,97.5,112.5,127.5,142.5,157.5,172.5,187.5,202.5,217.5,232.5,247.5,262.5,277.5,292.5,307.5,322.5,337.5,352.5,367.5,382.5,397.5,412.5,427.5,442.5,457.5,472.5,487.5,502.5,517.5,532.5,547.5,562.5,577.5,592.5,607.5,622.5,637.5,652.5,667.5,682.5,697.5,712.5,727.5,742.5,757.5,772.5,787.5,802.5,817.5,832.5,847.5,862.5,877.5,892.5,907.5,922.5,937.5,952.5,967.5,982.5,997.5,1012.5,1027.5,1042.5,1057.5,1072.5,1087.5,1102.5,1117.5,1132.5,1147.5,1162.5,1177.5,1192.5,1207.5,1222.5,1237.5,1252.5,1267.5,1282.5,1297.5,1312.5,1327.5,1342.5,1357.5,1372.5,1387.5,1402.5,1417.5,1432.5],"xname":"d$published_tod","equidist":true}
