{"breaks":[0,15,30,45,60,75,90,105,120,135,150,165,180,195,210,225,240,255,270,285,300,315,330,345,360,375,390,405,420,435,450,465,480,495,510,525,540,555,570,585,600,615,630,645,660,675,690,705,720,735,750,765,780,795,810,825,840,855,870,885,900,915,930,945,960,975,990,1005,1020,1035,1050,1065,1080,1095,1110,1125,1140,1155,1170,1185,1200,1215,1230,1245,1260,1275,1290,1305,1320,1335,1350,1365,1380,1395,1410,1425,1440],"counts":[20,17,13,11,21,11,11,6,10,15,7,9,5,3,6,5,0,2,2,0,0,1,2,2,2,2,6,8,14,4,14,22,14,22,18,15,20,22,27,28,30,26,17,22,29,16,13,37,17,29,32,26,43,30,43,32,38,32,34,29,31,37,39,31,41,28,36,26,25,27,27,38,41,32,33,33,34,40,51,47,31,25,21,24,36,37,29,25,23,30,29,31,30,24,23,24],"density":[0.000625684,0.000531832,0.000406695,0.000344126,0.000656969,0.000344126,0.000344126,0.000187705,0.000312842,0.000469263,0.00021899,0.000281558,0.000156421,9.38527e-05,0.000187705,0.000156421,0,6.25684e-05,6.25684e-05,0,0,3.12842e-05,6.25684e-05,6.25684e-05,6.25684e-05,6.25684e-05,0.000187705,0.000250274,0.000437979,0.000125137,0.000437979,0.000688253,0.000437979,0.000688253,0.000563116,0.000469263,0.000625684,0.000688253,0.000844674,0.000875958,0.000938527,0.00081339,0.000531832,0.000688253,0.000907242,0.000500547,0.000406695,0.00115752,0.000531832,0.000907242,0.00100109,0.00081339,0.00134522,0.000938527,0.00134522,0.00100109,0.0011888,0.00100109,0.00106366,0.000907242,0.000969811,0.00115752,0.00122008,0.000969811,0.00128265,0.000875958,0.00112623,0.00081339,0.000782105,0.000844674,0.000844674,0.0011888,0.00128265,0.00100109,0.00103238,0.00103238,0.00106366,0.00125137,0.0015955,0.00147036,0.000969811,0.000782105,0.000656969,0.000750821,0.00112623,0.00115752,0.000907242,0.000782105,0.000719537,0.000938527,0.000907242,0.000969811,0.000938527,0.000750821,0.000719537,0.000750821],"mids":[7.5,22.5,37.5,52.5,67.5,82.5,97.5,112.5,127.5,142.5,157.5,172.5,187.5,202.5,217.5,232.5,247.5,262.5,277.5,292.5,307.5,322.5,337.5,352.5,367.5,382.5,397.5,412.5,427.5,442.5,457.5,472.5,487.5,502.5,517.5,532.5,547.5,562.5,577.5,592.5,607.5,622.5,637.5,652.5,667.5,682.5,697.5,712.5,727.5,742.5,757.5,772.5,787.5,802.5,817.5,832.5,847.5,862.5,877.5,892.5,907.5,922.5,937.5,952.5,967.5,982.5,997.5,1012.5,1027.5,1042.5,1057.5,1072.5,1087.5,1102.5,1117.5,1132.5,1147.5,1162.5,1177.5,1192.5,1207.5,1222.5,1237.5,1252.5,1267.5,1282.5,1297.5,1312.5,1327.5,1342.5,1357.5,1372.5,1387.5,1402.5,1417.5,1432.5],"xname":"d$published_tod","equidist":true}
