{"breaks":[0,15,30,45,60,75,90,105,120,135,150,165,180,195,210,225,240,255,270,285,300,315,330,345,360,375,390,405,420,435,450,465,480,495,510,525,540,555,570,585,600,615,630,645,660,675,690,705,720,735,750,765,780,795,810,825,840,855,870,885,900,915,930,945,960,975,990,1005,1020,1035,1050,1065,1080,1095,1110,1125,1140,1155,1170,1185,1200,1215,1230,1245,1260,1275,1290,1305,1320,1335,1350,1365,1380,1395,1410,1425,1440],"counts":[53,42,43,33,32,28,26,27,14,26,12,18,3,7,6,11,8,8,11,3,6,6,5,8,3,14,8,16,18,23,35,28,44,36,27,34,40,38,37,45,46,44,44,55,40,50,50,72,65,50,48,52,48,51,65,54,72,66,59,60,64,65,58,64,63,63,75,49,64,56,54,70,69,50,84,77,86,61,53,69,53,43,85,72,66,70,91,75,65,80,56,53,58,57,55,52],"density":[0.000822088,0.000651466,0.000666977,0.000511866,0.000496355,0.000434311,0.000403288,0.000418799,0.000217155,0.000403288,0.000186133,0.0002792,4.65333e-05,0.000108578,9.30665e-05,0.000170622,0.000124089,0.000124089,0.000170622,4.65333e-05,9.30665e-05,9.30665e-05,7.75555e-05,0.000124089,4.65333e-05,0.000217155,0.000124089,0.000248177,0.0002792,0.000356755,0.000542888,0.000434311,0.000682488,0.000558399,0.000418799,0.000527377,0.000620444,0.000589421,0.00057391,0.000697999,0.00071351,0.000682488,0.000682488,0.00085311,0.000620444,0.000775555,0.000775555,0.0011168,0.00100822,0.000775555,0.000744532,0.000806577,0.000744532,0.000791066,0.00100822,0.000837599,0.0011168,0.00102373,0.000915154,0.000930665,0.00099271,0.00100822,0.000899643,0.00099271,0.000977199,0.000977199,0.00116333,0.000760043,0.00099271,0.000868621,0.000837599,0.00108578,0.00107027,0.000775555,0.00130293,0.00119435,0.00133395,0.000946177,0.000822088,0.00107027,0.000822088,0.000666977,0.00131844,0.0011168,0.00102373,0.00108578,0.00141151,0.00116333,0.00100822,0.00124089,0.000868621,0.000822088,0.000899643,0.000884132,0.00085311,0.000806577],"mids":[7.5,22.5,37.5,52.5,67.5,82.5,97.5,112.5,127.5,142.5,157.5,172.5,187.5,202.5,217.5,232.5,247.5,262.5,277.5,292.5,307.5,322.5,337.5,352.5,367.5,382.5,397.5,412.5,427.5,442.5,457.5,472.5,487.5,502.5,517.5,532.5,547.5,562.5,577.5,592.5,607.5,622.5,637.5,652.5,667.5,682.5,697.5,712.5,727.5,742.5,757.5,772.5,787.5,802.5,817.5,832.5,847.5,862.5,877.5,892.5,907.5,922.5,937.5,952.5,967.5,982.5,997.5,1012.5,1027.5,1042.5,1057.5,1072.5,1087.5,1102.5,1117.5,1132.5,1147.5,1162.5,1177.5,1192.5,1207.5,1222.5,1237.5,1252.5,1267.5,1282.5,1297.5,1312.5,1327.5,1342.5,1357.5,1372.5,1387.5,1402.5,1417.5,1432.5],"xname":"d$published_tod","equidist":true}
