{"breaks":[0,15,30,45,60,75,90,105,120,135,150,165,180,195,210,225,240,255,270,285,300,315,330,345,360,375,390,405,420,435,450,465,480,495,510,525,540,555,570,585,600,615,630,645,660,675,690,705,720,735,750,765,780,795,810,825,840,855,870,885,900,915,930,945,960,975,990,1005,1020,1035,1050,1065,1080,1095,1110,1125,1140,1155,1170,1185,1200,1215,1230,1245,1260,1275,1290,1305,1320,1335,1350,1365,1380,1395,1410,1425,1440],"counts":[511,411,374,304,342,290,250,191,222,188,179,155,141,145,97,115,95,83,89,70,57,55,48,70,86,67,103,94,133,169,208,208,226,264,319,329,339,380,371,454,432,422,464,409,468,472,469,476,480,517,513,525,536,545,561,607,567,577,598,585,536,551,588,577,565,605,570,637,573,563,552,571,611,621,661,613,629,641,606,646,600,475,462,481,505,510,552,477,493,551,456,504,491,503,506,449],"density":[0.000887476,0.000713802,0.000649542,0.00052797,0.000593967,0.000503656,0.000434186,0.000331718,0.000385557,0.000326508,0.000310877,0.000269195,0.000244881,0.000251828,0.000168464,0.000199726,0.000164991,0.00014415,0.00015457,0.000121572,9.89944e-05,9.55209e-05,8.33637e-05,0.000121572,0.00014936,0.000116362,0.000178885,0.000163254,0.000230987,0.00029351,0.000361243,0.000361243,0.000392504,0.0004585,0.000554021,0.000571389,0.000588756,0.000659963,0.000644332,0.000788482,0.000750274,0.000732906,0.000805849,0.000710328,0.000812796,0.000819743,0.000814533,0.00082669,0.000833637,0.000897897,0.00089095,0.000911791,0.000930895,0.000946526,0.000974314,0.0010542,0.000984734,0.0010021,0.00103857,0.001016,0.000930895,0.000956946,0.00102121,0.0010021,0.000981261,0.00105073,0.000989944,0.00110631,0.000995154,0.000977787,0.000958683,0.000991681,0.00106115,0.00107852,0.00114799,0.00106462,0.00109241,0.00111325,0.00105247,0.00112194,0.00104205,0.000824954,0.000802376,0.000835374,0.000877056,0.00088574,0.000958683,0.000828427,0.000856215,0.000956946,0.000791955,0.000875319,0.000852741,0.000873582,0.000878793,0.000779798],"mids":[7.5,22.5,37.5,52.5,67.5,82.5,97.5,112.5,127.5,142.5,157.5,172.5,187.5,202.5,217.5,232.5,247.5,262.5,277.5,292.5,307.5,322.5,337.5,352.5,367.5,382.5,397.5,412.5,427.5,442.5,457.5,472.5,487.5,502.5,517.5,532.5,547.5,562.5,577.5,592.5,607.5,622.5,637.5,652.5,667.5,682.5,697.5,712.5,727.5,742.5,757.5,772.5,787.5,802.5,817.5,832.5,847.5,862.5,877.5,892.5,907.5,922.5,937.5,952.5,967.5,982.5,997.5,1012.5,1027.5,1042.5,1057.5,1072.5,1087.5,1102.5,1117.5,1132.5,1147.5,1162.5,1177.5,1192.5,1207.5,1222.5,1237.5,1252.5,1267.5,1282.5,1297.5,1312.5,1327.5,1342.5,1357.5,1372.5,1387.5,1402.5,1417.5,1432.5],"xname":"d$published_tod","equidist":true}
