{"breaks":[0,15,30,45,60,75,90,105,120,135,150,165,180,195,210,225,240,255,270,285,300,315,330,345,360,375,390,405,420,435,450,465,480,495,510,525,540,555,570,585,600,615,630,645,660,675,690,705,720,735,750,765,780,795,810,825,840,855,870,885,900,915,930,945,960,975,990,1005,1020,1035,1050,1065,1080,1095,1110,1125,1140,1155,1170,1185,1200,1215,1230,1245,1260,1275,1290,1305,1320,1335,1350,1365,1380,1395,1410,1425,1440],"counts":[31,17,36,17,21,16,14,16,14,12,11,11,12,10,8,8,3,8,4,2,5,6,4,7,1,4,3,5,7,12,14,23,10,15,16,16,13,11,13,19,22,25,24,17,19,24,24,16,23,28,26,30,14,19,24,20,16,18,25,15,14,12,13,19,17,20,24,19,25,15,18,25,25,24,25,18,18,19,19,27,28,16,24,17,24,29,22,34,31,29,18,35,30,27,15,26],"density":[0.00121212,0.000664712,0.00140762,0.000664712,0.000821114,0.000625611,0.00054741,0.000625611,0.00054741,0.000469208,0.000430108,0.000430108,0.000469208,0.000391007,0.000312805,0.000312805,0.000117302,0.000312805,0.000156403,7.82014e-05,0.000195503,0.000234604,0.000156403,0.000273705,3.91007e-05,0.000156403,0.000117302,0.000195503,0.000273705,0.000469208,0.00054741,0.000899316,0.000391007,0.00058651,0.000625611,0.000625611,0.000508309,0.000430108,0.000508309,0.000742913,0.000860215,0.000977517,0.000938416,0.000664712,0.000742913,0.000938416,0.000938416,0.000625611,0.000899316,0.00109482,0.00101662,0.00117302,0.00054741,0.000742913,0.000938416,0.000782014,0.000625611,0.000703812,0.000977517,0.00058651,0.00054741,0.000469208,0.000508309,0.000742913,0.000664712,0.000782014,0.000938416,0.000742913,0.000977517,0.00058651,0.000703812,0.000977517,0.000977517,0.000938416,0.000977517,0.000703812,0.000703812,0.000742913,0.000742913,0.00105572,0.00109482,0.000625611,0.000938416,0.000664712,0.000938416,0.00113392,0.000860215,0.00132942,0.00121212,0.00113392,0.000703812,0.00136852,0.00117302,0.00105572,0.00058651,0.00101662],"mids":[7.5,22.5,37.5,52.5,67.5,82.5,97.5,112.5,127.5,142.5,157.5,172.5,187.5,202.5,217.5,232.5,247.5,262.5,277.5,292.5,307.5,322.5,337.5,352.5,367.5,382.5,397.5,412.5,427.5,442.5,457.5,472.5,487.5,502.5,517.5,532.5,547.5,562.5,577.5,592.5,607.5,622.5,637.5,652.5,667.5,682.5,697.5,712.5,727.5,742.5,757.5,772.5,787.5,802.5,817.5,832.5,847.5,862.5,877.5,892.5,907.5,922.5,937.5,952.5,967.5,982.5,997.5,1012.5,1027.5,1042.5,1057.5,1072.5,1087.5,1102.5,1117.5,1132.5,1147.5,1162.5,1177.5,1192.5,1207.5,1222.5,1237.5,1252.5,1267.5,1282.5,1297.5,1312.5,1327.5,1342.5,1357.5,1372.5,1387.5,1402.5,1417.5,1432.5],"xname":"d$published_tod","equidist":true}
