{"breaks":[0,15,30,45,60,75,90,105,120,135,150,165,180,195,210,225,240,255,270,285,300,315,330,345,360,375,390,405,420,435,450,465,480,495,510,525,540,555,570,585,600,615,630,645,660,675,690,705,720,735,750,765,780,795,810,825,840,855,870,885,900,915,930,945,960,975,990,1005,1020,1035,1050,1065,1080,1095,1110,1125,1140,1155,1170,1185,1200,1215,1230,1245,1260,1275,1290,1305,1320,1335,1350,1365,1380,1395,1410,1425,1440],"counts":[44,50,30,36,30,21,29,22,17,18,21,14,18,16,6,9,1,6,8,6,4,6,12,6,5,6,7,11,18,27,33,24,23,41,29,30,26,36,22,27,26,20,34,29,32,32,39,28,57,42,34,45,43,35,39,60,40,37,41,46,37,44,42,35,32,42,27,43,47,35,43,51,44,58,31,37,43,62,49,40,53,47,43,41,51,62,56,38,59,53,36,46,41,46,48,33],"density":[0.000931513,0.00105854,0.000635122,0.000762147,0.000635122,0.000444586,0.000613952,0.000465756,0.000359903,0.000381073,0.000444586,0.00029639,0.000381073,0.000338732,0.000127024,0.000190537,2.11707e-05,0.000127024,0.000169366,0.000127024,8.4683e-05,0.000127024,0.000254049,0.000127024,0.000105854,0.000127024,0.000148195,0.000232878,0.000381073,0.00057161,0.000698634,0.000508098,0.000486927,0.000868,0.000613952,0.000635122,0.000550439,0.000762147,0.000465756,0.00057161,0.000550439,0.000423415,0.000719805,0.000613952,0.000677464,0.000677464,0.000825659,0.000592781,0.00120673,0.000889171,0.000719805,0.000952683,0.000910342,0.000740976,0.000825659,0.00127024,0.00084683,0.000783317,0.000868,0.000973854,0.000783317,0.000931513,0.000889171,0.000740976,0.000677464,0.000889171,0.00057161,0.000910342,0.000995025,0.000740976,0.000910342,0.00107971,0.000931513,0.0012279,0.000656293,0.000783317,0.000910342,0.00131259,0.00103737,0.00084683,0.00112205,0.000995025,0.000910342,0.000868,0.00107971,0.00131259,0.00118556,0.000804488,0.00124907,0.00112205,0.000762147,0.000973854,0.000868,0.000973854,0.0010162,0.000698634],"mids":[7.5,22.5,37.5,52.5,67.5,82.5,97.5,112.5,127.5,142.5,157.5,172.5,187.5,202.5,217.5,232.5,247.5,262.5,277.5,292.5,307.5,322.5,337.5,352.5,367.5,382.5,397.5,412.5,427.5,442.5,457.5,472.5,487.5,502.5,517.5,532.5,547.5,562.5,577.5,592.5,607.5,622.5,637.5,652.5,667.5,682.5,697.5,712.5,727.5,742.5,757.5,772.5,787.5,802.5,817.5,832.5,847.5,862.5,877.5,892.5,907.5,922.5,937.5,952.5,967.5,982.5,997.5,1012.5,1027.5,1042.5,1057.5,1072.5,1087.5,1102.5,1117.5,1132.5,1147.5,1162.5,1177.5,1192.5,1207.5,1222.5,1237.5,1252.5,1267.5,1282.5,1297.5,1312.5,1327.5,1342.5,1357.5,1372.5,1387.5,1402.5,1417.5,1432.5],"xname":"d$published_tod","equidist":true}
