{"breaks":[0,15,30,45,60,75,90,105,120,135,150,165,180,195,210,225,240,255,270,285,300,315,330,345,360,375,390,405,420,435,450,465,480,495,510,525,540,555,570,585,600,615,630,645,660,675,690,705,720,735,750,765,780,795,810,825,840,855,870,885,900,915,930,945,960,975,990,1005,1020,1035,1050,1065,1080,1095,1110,1125,1140,1155,1170,1185,1200,1215,1230,1245,1260,1275,1290,1305,1320,1335,1350,1365,1380,1395,1410,1425,1440],"counts":[182,143,128,149,151,96,108,89,87,91,66,63,55,48,42,25,26,19,30,36,27,24,27,27,17,22,29,31,37,44,44,38,51,69,60,62,71,91,79,95,93,95,94,107,109,96,112,104,92,108,86,97,107,120,110,120,106,94,111,101,120,119,125,110,101,87,106,85,108,167,124,111,120,127,116,149,139,136,142,150,163,149,139,143,176,151,182,173,169,192,150,171,181,161,143,157],"density":[0.00125306,0.000984543,0.00088127,0.00102585,0.00103962,0.000660952,0.000743571,0.000612758,0.000598988,0.000626528,0.000454405,0.00043375,0.000378671,0.000330476,0.000289167,0.000172123,0.000179008,0.000130813,0.000206548,0.000247857,0.000185893,0.000165238,0.000185893,0.000185893,0.000117044,0.000151468,0.000199663,0.000213432,0.000254742,0.000302936,0.000302936,0.000261627,0.000351131,0.000475059,0.000413095,0.000426865,0.000488829,0.000626528,0.000543909,0.000654067,0.000640297,0.000654067,0.000647182,0.000736686,0.000750456,0.000660952,0.000771111,0.000716032,0.000633413,0.000743571,0.000592103,0.000667837,0.000736686,0.00082619,0.000757341,0.00082619,0.000729801,0.000647182,0.000764226,0.000695377,0.00082619,0.000819305,0.000860615,0.000757341,0.000695377,0.000598988,0.000729801,0.000585218,0.000743571,0.00114978,0.00085373,0.000764226,0.00082619,0.000874385,0.000798651,0.00102585,0.000957004,0.000936349,0.000977658,0.00103274,0.00112224,0.00102585,0.000957004,0.000984543,0.00121175,0.00103962,0.00125306,0.00119109,0.00116355,0.0013219,0.00103274,0.00117732,0.00124617,0.00110847,0.000984543,0.00108093],"mids":[7.5,22.5,37.5,52.5,67.5,82.5,97.5,112.5,127.5,142.5,157.5,172.5,187.5,202.5,217.5,232.5,247.5,262.5,277.5,292.5,307.5,322.5,337.5,352.5,367.5,382.5,397.5,412.5,427.5,442.5,457.5,472.5,487.5,502.5,517.5,532.5,547.5,562.5,577.5,592.5,607.5,622.5,637.5,652.5,667.5,682.5,697.5,712.5,727.5,742.5,757.5,772.5,787.5,802.5,817.5,832.5,847.5,862.5,877.5,892.5,907.5,922.5,937.5,952.5,967.5,982.5,997.5,1012.5,1027.5,1042.5,1057.5,1072.5,1087.5,1102.5,1117.5,1132.5,1147.5,1162.5,1177.5,1192.5,1207.5,1222.5,1237.5,1252.5,1267.5,1282.5,1297.5,1312.5,1327.5,1342.5,1357.5,1372.5,1387.5,1402.5,1417.5,1432.5],"xname":"d$published_tod","equidist":true}
