{"breaks":[0,15,30,45,60,75,90,105,120,135,150,165,180,195,210,225,240,255,270,285,300,315,330,345,360,375,390,405,420,435,450,465,480,495,510,525,540,555,570,585,600,615,630,645,660,675,690,705,720,735,750,765,780,795,810,825,840,855,870,885,900,915,930,945,960,975,990,1005,1020,1035,1050,1065,1080,1095,1110,1125,1140,1155,1170,1185,1200,1215,1230,1245,1260,1275,1290,1305,1320,1335,1350,1365,1380,1395,1410,1425,1440],"counts":[57,43,38,45,43,37,28,26,20,18,20,12,18,19,9,13,13,7,8,6,6,3,1,3,1,13,7,10,6,19,27,23,37,26,32,28,41,47,38,39,50,48,56,51,49,48,56,62,61,67,70,59,60,42,43,58,69,60,44,54,61,59,64,54,52,67,60,60,57,50,68,76,66,78,69,72,67,73,62,54,70,74,47,78,69,69,79,50,73,50,76,70,59,57,81,67],"density":[0.000877193,0.000661742,0.000584795,0.000692521,0.000661742,0.000569406,0.000430902,0.000400123,0.000307787,0.000277008,0.000307787,0.000184672,0.000277008,0.000292398,0.000138504,0.000200062,0.000200062,0.000107725,0.000123115,9.23361e-05,9.23361e-05,4.61681e-05,1.53894e-05,4.61681e-05,1.53894e-05,0.000200062,0.000107725,0.000153894,9.23361e-05,0.000292398,0.000415512,0.000353955,0.000569406,0.000400123,0.000492459,0.000430902,0.000630963,0.000723299,0.000584795,0.000600185,0.000769468,0.000738689,0.000861804,0.000784857,0.000754078,0.000738689,0.000861804,0.00095414,0.00093875,0.00103109,0.00107725,0.000907972,0.000923361,0.000646353,0.000661742,0.000892582,0.00106187,0.000923361,0.000677131,0.000831025,0.00093875,0.000907972,0.000984918,0.000831025,0.000800246,0.00103109,0.000923361,0.000923361,0.000877193,0.000769468,0.00104648,0.00116959,0.0010157,0.00120037,0.00106187,0.00110803,0.00103109,0.00112342,0.00095414,0.000831025,0.00107725,0.00113881,0.000723299,0.00120037,0.00106187,0.00106187,0.00121576,0.000769468,0.00112342,0.000769468,0.00116959,0.00107725,0.000907972,0.000877193,0.00124654,0.00103109],"mids":[7.5,22.5,37.5,52.5,67.5,82.5,97.5,112.5,127.5,142.5,157.5,172.5,187.5,202.5,217.5,232.5,247.5,262.5,277.5,292.5,307.5,322.5,337.5,352.5,367.5,382.5,397.5,412.5,427.5,442.5,457.5,472.5,487.5,502.5,517.5,532.5,547.5,562.5,577.5,592.5,607.5,622.5,637.5,652.5,667.5,682.5,697.5,712.5,727.5,742.5,757.5,772.5,787.5,802.5,817.5,832.5,847.5,862.5,877.5,892.5,907.5,922.5,937.5,952.5,967.5,982.5,997.5,1012.5,1027.5,1042.5,1057.5,1072.5,1087.5,1102.5,1117.5,1132.5,1147.5,1162.5,1177.5,1192.5,1207.5,1222.5,1237.5,1252.5,1267.5,1282.5,1297.5,1312.5,1327.5,1342.5,1357.5,1372.5,1387.5,1402.5,1417.5,1432.5],"xname":"d$published_tod","equidist":true}
