{"breaks":[0,15,30,45,60,75,90,105,120,135,150,165,180,195,210,225,240,255,270,285,300,315,330,345,360,375,390,405,420,435,450,465,480,495,510,525,540,555,570,585,600,615,630,645,660,675,690,705,720,735,750,765,780,795,810,825,840,855,870,885,900,915,930,945,960,975,990,1005,1020,1035,1050,1065,1080,1095,1110,1125,1140,1155,1170,1185,1200,1215,1230,1245,1260,1275,1290,1305,1320,1335,1350,1365,1380,1395,1410,1425,1440],"counts":[19,14,13,12,6,9,26,8,8,10,10,8,13,4,7,3,5,3,3,3,2,2,3,2,2,5,4,8,8,5,8,11,13,3,9,8,21,14,12,21,14,20,12,23,20,11,18,24,27,13,23,19,11,29,17,20,20,11,18,21,19,17,18,20,21,14,14,19,19,18,11,16,24,31,17,19,16,23,20,23,32,22,19,19,13,13,25,7,19,26,21,24,20,21,18,13],"density":[0.000900261,0.00066335,0.000615968,0.000568586,0.000284293,0.000426439,0.00123194,0.000379057,0.000379057,0.000473821,0.000473821,0.000379057,0.000615968,0.000189529,0.000331675,0.000142146,0.000236911,0.000142146,0.000142146,0.000142146,9.47643e-05,9.47643e-05,0.000142146,9.47643e-05,9.47643e-05,0.000236911,0.000189529,0.000379057,0.000379057,0.000236911,0.000379057,0.000521204,0.000615968,0.000142146,0.000426439,0.000379057,0.000995025,0.00066335,0.000568586,0.000995025,0.00066335,0.000947643,0.000568586,0.00108979,0.000947643,0.000521204,0.000852878,0.00113717,0.00127932,0.000615968,0.00108979,0.000900261,0.000521204,0.00137408,0.000805496,0.000947643,0.000947643,0.000521204,0.000852878,0.000995025,0.000900261,0.000805496,0.000852878,0.000947643,0.000995025,0.00066335,0.00066335,0.000900261,0.000900261,0.000852878,0.000521204,0.000758114,0.00113717,0.00146885,0.000805496,0.000900261,0.000758114,0.00108979,0.000947643,0.00108979,0.00151623,0.00104241,0.000900261,0.000900261,0.000615968,0.000615968,0.00118455,0.000331675,0.000900261,0.00123194,0.000995025,0.00113717,0.000947643,0.000995025,0.000852878,0.000615968],"mids":[7.5,22.5,37.5,52.5,67.5,82.5,97.5,112.5,127.5,142.5,157.5,172.5,187.5,202.5,217.5,232.5,247.5,262.5,277.5,292.5,307.5,322.5,337.5,352.5,367.5,382.5,397.5,412.5,427.5,442.5,457.5,472.5,487.5,502.5,517.5,532.5,547.5,562.5,577.5,592.5,607.5,622.5,637.5,652.5,667.5,682.5,697.5,712.5,727.5,742.5,757.5,772.5,787.5,802.5,817.5,832.5,847.5,862.5,877.5,892.5,907.5,922.5,937.5,952.5,967.5,982.5,997.5,1012.5,1027.5,1042.5,1057.5,1072.5,1087.5,1102.5,1117.5,1132.5,1147.5,1162.5,1177.5,1192.5,1207.5,1222.5,1237.5,1252.5,1267.5,1282.5,1297.5,1312.5,1327.5,1342.5,1357.5,1372.5,1387.5,1402.5,1417.5,1432.5],"xname":"d$published_tod","equidist":true}
