{"breaks":[0,15,30,45,60,75,90,105,120,135,150,165,180,195,210,225,240,255,270,285,300,315,330,345,360,375,390,405,420,435,450,465,480,495,510,525,540,555,570,585,600,615,630,645,660,675,690,705,720,735,750,765,780,795,810,825,840,855,870,885,900,915,930,945,960,975,990,1005,1020,1035,1050,1065,1080,1095,1110,1125,1140,1155,1170,1185,1200,1215,1230,1245,1260,1275,1290,1305,1320,1335,1350,1365,1380,1395,1410,1425,1440],"counts":[67,30,50,36,47,35,17,22,17,17,28,14,5,3,5,12,3,2,6,7,3,6,1,15,9,8,15,19,19,24,43,39,38,51,68,55,50,61,45,47,55,75,54,64,81,86,71,91,81,86,111,109,98,120,100,122,110,116,116,112,100,93,108,101,119,129,96,95,95,93,95,119,128,99,91,67,73,104,85,87,84,125,95,107,88,83,82,84,110,91,60,99,73,70,62,62],"density":[0.000714781,0.000320051,0.000533419,0.000384061,0.000501414,0.000373393,0.000181362,0.000234704,0.000181362,0.000181362,0.000298714,0.000149357,5.33419e-05,3.20051e-05,5.33419e-05,0.00012802,3.20051e-05,2.13367e-05,6.40102e-05,7.46786e-05,3.20051e-05,6.40102e-05,1.06684e-05,0.000160026,9.60154e-05,8.5347e-05,0.000160026,0.000202699,0.000202699,0.000256041,0.00045874,0.000416067,0.000405398,0.000544087,0.000725449,0.000586761,0.000533419,0.000650771,0.000480077,0.000501414,0.000586761,0.000800128,0.000576092,0.000682776,0.000864138,0.00091748,0.000757455,0.000970822,0.000864138,0.00091748,0.00118419,0.00116285,0.0010455,0.0012802,0.00106684,0.00130154,0.00117352,0.00123753,0.00123753,0.00119486,0.00106684,0.000992159,0.00115218,0.00107751,0.00126954,0.00137622,0.00102416,0.0010135,0.0010135,0.000992159,0.0010135,0.00126954,0.00136555,0.00105617,0.000970822,0.000714781,0.000778791,0.00110951,0.000906812,0.000928149,0.000896143,0.00133355,0.0010135,0.00114152,0.000938817,0.000885475,0.000874807,0.000896143,0.00117352,0.000970822,0.000640102,0.00105617,0.000778791,0.000746786,0.000661439,0.000661439],"mids":[7.5,22.5,37.5,52.5,67.5,82.5,97.5,112.5,127.5,142.5,157.5,172.5,187.5,202.5,217.5,232.5,247.5,262.5,277.5,292.5,307.5,322.5,337.5,352.5,367.5,382.5,397.5,412.5,427.5,442.5,457.5,472.5,487.5,502.5,517.5,532.5,547.5,562.5,577.5,592.5,607.5,622.5,637.5,652.5,667.5,682.5,697.5,712.5,727.5,742.5,757.5,772.5,787.5,802.5,817.5,832.5,847.5,862.5,877.5,892.5,907.5,922.5,937.5,952.5,967.5,982.5,997.5,1012.5,1027.5,1042.5,1057.5,1072.5,1087.5,1102.5,1117.5,1132.5,1147.5,1162.5,1177.5,1192.5,1207.5,1222.5,1237.5,1252.5,1267.5,1282.5,1297.5,1312.5,1327.5,1342.5,1357.5,1372.5,1387.5,1402.5,1417.5,1432.5],"xname":"d$published_tod","equidist":true}
