{"breaks":[0,15,30,45,60,75,90,105,120,135,150,165,180,195,210,225,240,255,270,285,300,315,330,345,360,375,390,405,420,435,450,465,480,495,510,525,540,555,570,585,600,615,630,645,660,675,690,705,720,735,750,765,780,795,810,825,840,855,870,885,900,915,930,945,960,975,990,1005,1020,1035,1050,1065,1080,1095,1110,1125,1140,1155,1170,1185,1200,1215,1230,1245,1260,1275,1290,1305,1320,1335,1350,1365,1380,1395,1410,1425,1440],"counts":[70,54,46,43,69,41,45,41,41,39,38,28,23,25,27,12,13,17,19,11,12,10,7,10,1,5,8,6,11,20,25,18,31,27,27,55,44,42,52,49,32,50,64,45,69,56,49,51,54,66,44,72,64,82,63,56,56,58,91,66,60,69,59,55,53,55,59,49,55,92,77,76,59,62,79,57,60,82,100,88,95,80,82,85,111,86,94,74,62,62,78,88,77,77,77,63],"density":[0.000935766,0.000721877,0.000614932,0.000574828,0.000922398,0.000548092,0.000601564,0.000548092,0.000548092,0.000521356,0.000507987,0.000374307,0.000307466,0.000334202,0.000360938,0.000160417,0.000173785,0.000227258,0.000253994,0.000147049,0.000160417,0.000133681,9.35766e-05,0.000133681,1.33681e-05,6.68405e-05,0.000106945,8.02085e-05,0.000147049,0.000267362,0.000334202,0.000240626,0.000414411,0.000360938,0.000360938,0.000735245,0.000588196,0.00056146,0.000695141,0.000655036,0.000427779,0.000668405,0.000855558,0.000601564,0.000922398,0.000748613,0.000655036,0.000681773,0.000721877,0.000882294,0.000588196,0.000962503,0.000855558,0.00109618,0.00084219,0.000748613,0.000748613,0.000775349,0.0012165,0.000882294,0.000802085,0.000922398,0.000788717,0.000735245,0.000708509,0.000735245,0.000788717,0.000655036,0.000735245,0.00122986,0.00102934,0.00101597,0.000788717,0.000828822,0.00105608,0.000761981,0.000802085,0.00109618,0.00133681,0.00117639,0.00126997,0.00106945,0.00109618,0.00113629,0.00148386,0.00114966,0.0012566,0.000989239,0.000828822,0.000828822,0.00104271,0.00117639,0.00102934,0.00102934,0.00102934,0.00084219],"mids":[7.5,22.5,37.5,52.5,67.5,82.5,97.5,112.5,127.5,142.5,157.5,172.5,187.5,202.5,217.5,232.5,247.5,262.5,277.5,292.5,307.5,322.5,337.5,352.5,367.5,382.5,397.5,412.5,427.5,442.5,457.5,472.5,487.5,502.5,517.5,532.5,547.5,562.5,577.5,592.5,607.5,622.5,637.5,652.5,667.5,682.5,697.5,712.5,727.5,742.5,757.5,772.5,787.5,802.5,817.5,832.5,847.5,862.5,877.5,892.5,907.5,922.5,937.5,952.5,967.5,982.5,997.5,1012.5,1027.5,1042.5,1057.5,1072.5,1087.5,1102.5,1117.5,1132.5,1147.5,1162.5,1177.5,1192.5,1207.5,1222.5,1237.5,1252.5,1267.5,1282.5,1297.5,1312.5,1327.5,1342.5,1357.5,1372.5,1387.5,1402.5,1417.5,1432.5],"xname":"d$published_tod","equidist":true}
