{"breaks":[0,15,30,45,60,75,90,105,120,135,150,165,180,195,210,225,240,255,270,285,300,315,330,345,360,375,390,405,420,435,450,465,480,495,510,525,540,555,570,585,600,615,630,645,660,675,690,705,720,735,750,765,780,795,810,825,840,855,870,885,900,915,930,945,960,975,990,1005,1020,1035,1050,1065,1080,1095,1110,1125,1140,1155,1170,1185,1200,1215,1230,1245,1260,1275,1290,1305,1320,1335,1350,1365,1380,1395,1410,1425,1440],"counts":[54,55,40,30,32,42,39,29,27,26,24,29,22,21,18,12,5,11,7,7,9,5,2,7,9,6,7,6,7,7,21,19,26,27,25,30,25,21,23,31,25,28,31,31,38,43,42,40,29,32,43,31,36,43,32,52,45,36,21,53,38,42,41,37,34,29,46,46,44,70,62,55,59,49,71,53,55,40,51,56,44,40,42,62,44,65,47,41,61,55,64,62,64,69,43,54],"density":[0.00105603,0.00107558,0.000782243,0.000586682,0.000625794,0.000821355,0.000762687,0.000567126,0.000528014,0.000508458,0.000469346,0.000567126,0.000430234,0.000410678,0.000352009,0.000234673,9.77804e-05,0.000215117,0.000136893,0.000136893,0.000176005,9.77804e-05,3.91122e-05,0.000136893,0.000176005,0.000117336,0.000136893,0.000117336,0.000136893,0.000136893,0.000410678,0.000371565,0.000508458,0.000528014,0.000488902,0.000586682,0.000488902,0.000410678,0.00044979,0.000606238,0.000488902,0.00054757,0.000606238,0.000606238,0.000743131,0.000840911,0.000821355,0.000782243,0.000567126,0.000625794,0.000840911,0.000606238,0.000704019,0.000840911,0.000625794,0.00101692,0.000880023,0.000704019,0.000410678,0.00103647,0.000743131,0.000821355,0.000801799,0.000723575,0.000664907,0.000567126,0.00089958,0.00089958,0.000860467,0.00136893,0.00121248,0.00107558,0.00115381,0.000958248,0.00138848,0.00103647,0.00107558,0.000782243,0.00099736,0.00109514,0.000860467,0.000782243,0.000821355,0.00121248,0.000860467,0.00127115,0.000919136,0.000801799,0.00119292,0.00107558,0.00125159,0.00121248,0.00125159,0.00134937,0.000840911,0.00105603],"mids":[7.5,22.5,37.5,52.5,67.5,82.5,97.5,112.5,127.5,142.5,157.5,172.5,187.5,202.5,217.5,232.5,247.5,262.5,277.5,292.5,307.5,322.5,337.5,352.5,367.5,382.5,397.5,412.5,427.5,442.5,457.5,472.5,487.5,502.5,517.5,532.5,547.5,562.5,577.5,592.5,607.5,622.5,637.5,652.5,667.5,682.5,697.5,712.5,727.5,742.5,757.5,772.5,787.5,802.5,817.5,832.5,847.5,862.5,877.5,892.5,907.5,922.5,937.5,952.5,967.5,982.5,997.5,1012.5,1027.5,1042.5,1057.5,1072.5,1087.5,1102.5,1117.5,1132.5,1147.5,1162.5,1177.5,1192.5,1207.5,1222.5,1237.5,1252.5,1267.5,1282.5,1297.5,1312.5,1327.5,1342.5,1357.5,1372.5,1387.5,1402.5,1417.5,1432.5],"xname":"d$published_tod","equidist":true}
