{"breaks":[0,15,30,45,60,75,90,105,120,135,150,165,180,195,210,225,240,255,270,285,300,315,330,345,360,375,390,405,420,435,450,465,480,495,510,525,540,555,570,585,600,615,630,645,660,675,690,705,720,735,750,765,780,795,810,825,840,855,870,885,900,915,930,945,960,975,990,1005,1020,1035,1050,1065,1080,1095,1110,1125,1140,1155,1170,1185,1200,1215,1230,1245,1260,1275,1290,1305,1320,1335,1350,1365,1380,1395,1410,1425,1440],"counts":[264,197,229,235,226,199,200,136,142,140,119,113,90,69,68,53,64,54,47,42,32,21,30,23,33,27,59,58,82,110,105,136,125,148,143,142,195,184,227,248,241,280,264,277,318,275,286,292,315,325,343,397,343,354,357,374,367,367,358,375,355,373,387,408,343,355,382,342,357,403,397,423,401,420,431,396,396,413,317,350,314,375,313,346,303,317,296,310,317,287,294,272,270,275,275,229],"density":[0.000740585,0.000552633,0.000642401,0.000659233,0.000633986,0.000558244,0.000561049,0.000381513,0.000398345,0.000392734,0.000333824,0.000316993,0.000252472,0.000193562,0.000190757,0.000148678,0.000179536,0.000151483,0.000131847,0.00011782,8.97679e-05,5.89102e-05,8.41574e-05,6.45207e-05,9.25731e-05,7.57416e-05,0.00016551,0.000162704,0.00023003,0.000308577,0.000294551,0.000381513,0.000350656,0.000415176,0.00040115,0.000398345,0.000547023,0.000516165,0.000636791,0.000695701,0.000676064,0.000785469,0.000740585,0.000777053,0.000892068,0.000771443,0.0008023,0.000819132,0.000883652,0.000911705,0.000962199,0.00111368,0.000962199,0.000993057,0.00100147,0.00104916,0.00102953,0.00102953,0.00100428,0.00105197,0.000995862,0.00104636,0.00108563,0.00114454,0.000962199,0.000995862,0.0010716,0.000959394,0.00100147,0.00113051,0.00111368,0.00118662,0.0011249,0.0011782,0.00120906,0.00111088,0.00111088,0.00115857,0.000889263,0.000981836,0.000880847,0.00105197,0.000878042,0.000970615,0.000849989,0.000889263,0.000830353,0.000869626,0.000889263,0.000805106,0.000824742,0.000763027,0.000757416,0.000771443,0.000771443,0.000642401],"mids":[7.5,22.5,37.5,52.5,67.5,82.5,97.5,112.5,127.5,142.5,157.5,172.5,187.5,202.5,217.5,232.5,247.5,262.5,277.5,292.5,307.5,322.5,337.5,352.5,367.5,382.5,397.5,412.5,427.5,442.5,457.5,472.5,487.5,502.5,517.5,532.5,547.5,562.5,577.5,592.5,607.5,622.5,637.5,652.5,667.5,682.5,697.5,712.5,727.5,742.5,757.5,772.5,787.5,802.5,817.5,832.5,847.5,862.5,877.5,892.5,907.5,922.5,937.5,952.5,967.5,982.5,997.5,1012.5,1027.5,1042.5,1057.5,1072.5,1087.5,1102.5,1117.5,1132.5,1147.5,1162.5,1177.5,1192.5,1207.5,1222.5,1237.5,1252.5,1267.5,1282.5,1297.5,1312.5,1327.5,1342.5,1357.5,1372.5,1387.5,1402.5,1417.5,1432.5],"xname":"d$published_tod","equidist":true}
