{"breaks":[0,15,30,45,60,75,90,105,120,135,150,165,180,195,210,225,240,255,270,285,300,315,330,345,360,375,390,405,420,435,450,465,480,495,510,525,540,555,570,585,600,615,630,645,660,675,690,705,720,735,750,765,780,795,810,825,840,855,870,885,900,915,930,945,960,975,990,1005,1020,1035,1050,1065,1080,1095,1110,1125,1140,1155,1170,1185,1200,1215,1230,1245,1260,1275,1290,1305,1320,1335,1350,1365,1380,1395,1410,1425,1440],"counts":[42,24,20,27,6,31,16,18,16,12,9,4,8,10,10,8,7,9,7,10,5,12,9,4,7,7,22,14,14,13,5,25,22,16,19,24,21,29,15,12,13,18,23,37,24,26,18,14,33,27,19,15,15,14,20,23,27,13,22,14,17,20,10,20,29,18,21,23,18,27,31,38,26,29,36,24,33,35,31,20,22,33,39,30,29,30,30,27,37,40,33,28,19,45,29,24],"density":[0.00139651,0.000798005,0.000665004,0.000897756,0.000199501,0.00103076,0.000532003,0.000598504,0.000532003,0.000399002,0.000299252,0.000133001,0.000266002,0.000332502,0.000332502,0.000266002,0.000232751,0.000299252,0.000232751,0.000332502,0.000166251,0.000399002,0.000299252,0.000133001,0.000232751,0.000232751,0.000731505,0.000465503,0.000465503,0.000432253,0.000166251,0.000831255,0.000731505,0.000532003,0.000631754,0.000798005,0.000698254,0.000964256,0.000498753,0.000399002,0.000432253,0.000598504,0.000764755,0.00123026,0.000798005,0.000864505,0.000598504,0.000465503,0.00109726,0.000897756,0.000631754,0.000498753,0.000498753,0.000465503,0.000665004,0.000764755,0.000897756,0.000432253,0.000731505,0.000465503,0.000565254,0.000665004,0.000332502,0.000665004,0.000964256,0.000598504,0.000698254,0.000764755,0.000598504,0.000897756,0.00103076,0.00126351,0.000864505,0.000964256,0.00119701,0.000798005,0.00109726,0.00116376,0.00103076,0.000665004,0.000731505,0.00109726,0.00129676,0.000997506,0.000964256,0.000997506,0.000997506,0.000897756,0.00123026,0.00133001,0.00109726,0.000931006,0.000631754,0.00149626,0.000964256,0.000798005],"mids":[7.5,22.5,37.5,52.5,67.5,82.5,97.5,112.5,127.5,142.5,157.5,172.5,187.5,202.5,217.5,232.5,247.5,262.5,277.5,292.5,307.5,322.5,337.5,352.5,367.5,382.5,397.5,412.5,427.5,442.5,457.5,472.5,487.5,502.5,517.5,532.5,547.5,562.5,577.5,592.5,607.5,622.5,637.5,652.5,667.5,682.5,697.5,712.5,727.5,742.5,757.5,772.5,787.5,802.5,817.5,832.5,847.5,862.5,877.5,892.5,907.5,922.5,937.5,952.5,967.5,982.5,997.5,1012.5,1027.5,1042.5,1057.5,1072.5,1087.5,1102.5,1117.5,1132.5,1147.5,1162.5,1177.5,1192.5,1207.5,1222.5,1237.5,1252.5,1267.5,1282.5,1297.5,1312.5,1327.5,1342.5,1357.5,1372.5,1387.5,1402.5,1417.5,1432.5],"xname":"d$published_tod","equidist":true}
