{"breaks":[0,15,30,45,60,75,90,105,120,135,150,165,180,195,210,225,240,255,270,285,300,315,330,345,360,375,390,405,420,435,450,465,480,495,510,525,540,555,570,585,600,615,630,645,660,675,690,705,720,735,750,765,780,795,810,825,840,855,870,885,900,915,930,945,960,975,990,1005,1020,1035,1050,1065,1080,1095,1110,1125,1140,1155,1170,1185,1200,1215,1230,1245,1260,1275,1290,1305,1320,1335,1350,1365,1380,1395,1410,1425,1440],"counts":[13,20,11,6,6,9,13,9,7,5,2,4,7,3,3,4,5,3,4,5,2,2,1,3,1,1,3,2,3,10,4,4,6,7,13,10,6,5,4,24,10,9,5,10,8,12,8,14,18,6,15,12,15,20,8,5,12,15,5,15,9,9,14,13,10,12,18,11,11,6,14,8,12,11,17,13,24,13,23,19,22,15,14,15,13,11,17,12,28,17,26,40,24,18,10,8],"density":[0.000842242,0.00129576,0.000712666,0.000388727,0.000388727,0.00058309,0.000842242,0.00058309,0.000453515,0.000323939,0.000129576,0.000259151,0.000453515,0.000194363,0.000194363,0.000259151,0.000323939,0.000194363,0.000259151,0.000323939,0.000129576,0.000129576,6.47878e-05,0.000194363,6.47878e-05,6.47878e-05,0.000194363,0.000129576,0.000194363,0.000647878,0.000259151,0.000259151,0.000388727,0.000453515,0.000842242,0.000647878,0.000388727,0.000323939,0.000259151,0.00155491,0.000647878,0.00058309,0.000323939,0.000647878,0.000518303,0.000777454,0.000518303,0.000907029,0.00116618,0.000388727,0.000971817,0.000777454,0.000971817,0.00129576,0.000518303,0.000323939,0.000777454,0.000971817,0.000323939,0.000971817,0.00058309,0.00058309,0.000907029,0.000842242,0.000647878,0.000777454,0.00116618,0.000712666,0.000712666,0.000388727,0.000907029,0.000518303,0.000777454,0.000712666,0.00110139,0.000842242,0.00155491,0.000842242,0.00149012,0.00123097,0.00142533,0.000971817,0.000907029,0.000971817,0.000842242,0.000712666,0.00110139,0.000777454,0.00181406,0.00110139,0.00168448,0.00259151,0.00155491,0.00116618,0.000647878,0.000518303],"mids":[7.5,22.5,37.5,52.5,67.5,82.5,97.5,112.5,127.5,142.5,157.5,172.5,187.5,202.5,217.5,232.5,247.5,262.5,277.5,292.5,307.5,322.5,337.5,352.5,367.5,382.5,397.5,412.5,427.5,442.5,457.5,472.5,487.5,502.5,517.5,532.5,547.5,562.5,577.5,592.5,607.5,622.5,637.5,652.5,667.5,682.5,697.5,712.5,727.5,742.5,757.5,772.5,787.5,802.5,817.5,832.5,847.5,862.5,877.5,892.5,907.5,922.5,937.5,952.5,967.5,982.5,997.5,1012.5,1027.5,1042.5,1057.5,1072.5,1087.5,1102.5,1117.5,1132.5,1147.5,1162.5,1177.5,1192.5,1207.5,1222.5,1237.5,1252.5,1267.5,1282.5,1297.5,1312.5,1327.5,1342.5,1357.5,1372.5,1387.5,1402.5,1417.5,1432.5],"xname":"d$published_tod","equidist":true}
