{"breaks":[0,15,30,45,60,75,90,105,120,135,150,165,180,195,210,225,240,255,270,285,300,315,330,345,360,375,390,405,420,435,450,465,480,495,510,525,540,555,570,585,600,615,630,645,660,675,690,705,720,735,750,765,780,795,810,825,840,855,870,885,900,915,930,945,960,975,990,1005,1020,1035,1050,1065,1080,1095,1110,1125,1140,1155,1170,1185,1200,1215,1230,1245,1260,1275,1290,1305,1320,1335,1350,1365,1380,1395,1410,1425,1440],"counts":[60,42,27,36,40,27,35,25,22,16,13,15,19,9,6,4,19,11,3,6,4,4,6,3,9,5,12,25,22,22,21,31,23,35,43,55,33,55,42,39,60,59,47,41,63,48,57,64,48,62,59,53,54,70,56,62,59,69,54,59,56,54,40,41,47,62,48,44,59,52,55,54,52,63,68,58,72,69,52,61,60,64,59,61,70,73,61,71,66,64,60,51,78,69,77,57],"density":[0.000948767,0.000664137,0.000426945,0.00056926,0.000632511,0.000426945,0.000553447,0.000395319,0.000347881,0.000253004,0.000205566,0.000237192,0.000300443,0.000142315,9.48767e-05,6.32511e-05,0.000300443,0.000173941,4.74383e-05,9.48767e-05,6.32511e-05,6.32511e-05,9.48767e-05,4.74383e-05,0.000142315,7.90639e-05,0.000189753,0.000395319,0.000347881,0.000347881,0.000332068,0.000490196,0.000363694,0.000553447,0.000679949,0.000869703,0.000521822,0.000869703,0.000664137,0.000616698,0.000948767,0.000932954,0.000743201,0.000648324,0.000996205,0.000759013,0.000901328,0.00101202,0.000759013,0.000980392,0.000932954,0.000838077,0.00085389,0.00110689,0.000885515,0.000980392,0.000932954,0.00109108,0.00085389,0.000932954,0.000885515,0.00085389,0.000632511,0.000648324,0.000743201,0.000980392,0.000759013,0.000695762,0.000932954,0.000822264,0.000869703,0.00085389,0.000822264,0.000996205,0.00107527,0.000917141,0.00113852,0.00109108,0.000822264,0.000964579,0.000948767,0.00101202,0.000932954,0.000964579,0.00110689,0.00115433,0.000964579,0.00112271,0.00104364,0.00101202,0.000948767,0.000806452,0.0012334,0.00109108,0.00121758,0.000901328],"mids":[7.5,22.5,37.5,52.5,67.5,82.5,97.5,112.5,127.5,142.5,157.5,172.5,187.5,202.5,217.5,232.5,247.5,262.5,277.5,292.5,307.5,322.5,337.5,352.5,367.5,382.5,397.5,412.5,427.5,442.5,457.5,472.5,487.5,502.5,517.5,532.5,547.5,562.5,577.5,592.5,607.5,622.5,637.5,652.5,667.5,682.5,697.5,712.5,727.5,742.5,757.5,772.5,787.5,802.5,817.5,832.5,847.5,862.5,877.5,892.5,907.5,922.5,937.5,952.5,967.5,982.5,997.5,1012.5,1027.5,1042.5,1057.5,1072.5,1087.5,1102.5,1117.5,1132.5,1147.5,1162.5,1177.5,1192.5,1207.5,1222.5,1237.5,1252.5,1267.5,1282.5,1297.5,1312.5,1327.5,1342.5,1357.5,1372.5,1387.5,1402.5,1417.5,1432.5],"xname":"d$published_tod","equidist":true}
