{"breaks":[0,15,30,45,60,75,90,105,120,135,150,165,180,195,210,225,240,255,270,285,300,315,330,345,360,375,390,405,420,435,450,465,480,495,510,525,540,555,570,585,600,615,630,645,660,675,690,705,720,735,750,765,780,795,810,825,840,855,870,885,900,915,930,945,960,975,990,1005,1020,1035,1050,1065,1080,1095,1110,1125,1140,1155,1170,1185,1200,1215,1230,1245,1260,1275,1290,1305,1320,1335,1350,1365,1380,1395,1410,1425,1440],"counts":[11,10,9,10,6,9,6,4,2,4,3,1,1,2,0,0,0,2,0,0,2,1,0,4,3,0,2,2,11,6,9,13,5,6,16,8,26,23,22,22,12,19,22,31,15,13,21,20,25,15,33,27,27,32,33,34,36,27,30,30,50,54,47,31,43,30,55,50,43,44,56,33,44,25,36,27,35,22,25,27,25,39,25,38,18,12,11,23,16,18,17,16,21,17,8,9],"density":[0.000395755,0.000359777,0.000323799,0.000359777,0.000215866,0.000323799,0.000215866,0.000143911,7.19554e-05,0.000143911,0.000107933,3.59777e-05,3.59777e-05,7.19554e-05,0,0,0,7.19554e-05,0,0,7.19554e-05,3.59777e-05,0,0.000143911,0.000107933,0,7.19554e-05,7.19554e-05,0.000395755,0.000215866,0.000323799,0.00046771,0.000179888,0.000215866,0.000575643,0.000287822,0.00093542,0.000827487,0.000791509,0.000791509,0.000431732,0.000683576,0.000791509,0.00111531,0.000539665,0.00046771,0.000755532,0.000719554,0.000899442,0.000539665,0.00118726,0.000971398,0.000971398,0.00115129,0.00118726,0.00122324,0.0012952,0.000971398,0.00107933,0.00107933,0.00179888,0.0019428,0.00169095,0.00111531,0.00154704,0.00107933,0.00197877,0.00179888,0.00154704,0.00158302,0.00201475,0.00118726,0.00158302,0.000899442,0.0012952,0.000971398,0.00125922,0.000791509,0.000899442,0.000971398,0.000899442,0.00140313,0.000899442,0.00136715,0.000647598,0.000431732,0.000395755,0.000827487,0.000575643,0.000647598,0.000611621,0.000575643,0.000755532,0.000611621,0.000287822,0.000323799],"mids":[7.5,22.5,37.5,52.5,67.5,82.5,97.5,112.5,127.5,142.5,157.5,172.5,187.5,202.5,217.5,232.5,247.5,262.5,277.5,292.5,307.5,322.5,337.5,352.5,367.5,382.5,397.5,412.5,427.5,442.5,457.5,472.5,487.5,502.5,517.5,532.5,547.5,562.5,577.5,592.5,607.5,622.5,637.5,652.5,667.5,682.5,697.5,712.5,727.5,742.5,757.5,772.5,787.5,802.5,817.5,832.5,847.5,862.5,877.5,892.5,907.5,922.5,937.5,952.5,967.5,982.5,997.5,1012.5,1027.5,1042.5,1057.5,1072.5,1087.5,1102.5,1117.5,1132.5,1147.5,1162.5,1177.5,1192.5,1207.5,1222.5,1237.5,1252.5,1267.5,1282.5,1297.5,1312.5,1327.5,1342.5,1357.5,1372.5,1387.5,1402.5,1417.5,1432.5],"xname":"d$published_tod","equidist":true}
