{"breaks":[0,15,30,45,60,75,90,105,120,135,150,165,180,195,210,225,240,255,270,285,300,315,330,345,360,375,390,405,420,435,450,465,480,495,510,525,540,555,570,585,600,615,630,645,660,675,690,705,720,735,750,765,780,795,810,825,840,855,870,885,900,915,930,945,960,975,990,1005,1020,1035,1050,1065,1080,1095,1110,1125,1140,1155,1170,1185,1200,1215,1230,1245,1260,1275,1290,1305,1320,1335,1350,1365,1380,1395,1410,1425,1440],"counts":[35,28,19,33,21,21,22,20,10,11,13,15,11,14,15,16,8,5,8,4,3,11,10,8,11,7,16,11,4,5,10,13,4,8,10,8,23,16,11,19,19,24,18,26,24,18,25,20,21,40,18,28,19,25,24,11,30,29,31,47,15,22,18,23,26,28,24,22,13,24,29,21,31,28,46,32,21,37,29,36,30,38,34,28,28,33,26,19,29,30,34,25,39,25,31,21],"density":[0.00114999,0.000919993,0.000624281,0.00108428,0.000689995,0.000689995,0.000722852,0.000657138,0.000328569,0.000361426,0.00042714,0.000492854,0.000361426,0.000459997,0.000492854,0.000525711,0.000262855,0.000164285,0.000262855,0.000131428,9.85707e-05,0.000361426,0.000328569,0.000262855,0.000361426,0.000229998,0.000525711,0.000361426,0.000131428,0.000164285,0.000328569,0.00042714,0.000131428,0.000262855,0.000328569,0.000262855,0.000755709,0.000525711,0.000361426,0.000624281,0.000624281,0.000788566,0.000591424,0.00085428,0.000788566,0.000591424,0.000821423,0.000657138,0.000689995,0.00131428,0.000591424,0.000919993,0.000624281,0.000821423,0.000788566,0.000361426,0.000985707,0.00095285,0.00101856,0.00154427,0.000492854,0.000722852,0.000591424,0.000755709,0.00085428,0.000919993,0.000788566,0.000722852,0.00042714,0.000788566,0.00095285,0.000689995,0.00101856,0.000919993,0.00151142,0.00105142,0.000689995,0.00121571,0.00095285,0.00118285,0.000985707,0.00124856,0.00111713,0.000919993,0.000919993,0.00108428,0.00085428,0.000624281,0.00095285,0.000985707,0.00111713,0.000821423,0.00128142,0.000821423,0.00101856,0.000689995],"mids":[7.5,22.5,37.5,52.5,67.5,82.5,97.5,112.5,127.5,142.5,157.5,172.5,187.5,202.5,217.5,232.5,247.5,262.5,277.5,292.5,307.5,322.5,337.5,352.5,367.5,382.5,397.5,412.5,427.5,442.5,457.5,472.5,487.5,502.5,517.5,532.5,547.5,562.5,577.5,592.5,607.5,622.5,637.5,652.5,667.5,682.5,697.5,712.5,727.5,742.5,757.5,772.5,787.5,802.5,817.5,832.5,847.5,862.5,877.5,892.5,907.5,922.5,937.5,952.5,967.5,982.5,997.5,1012.5,1027.5,1042.5,1057.5,1072.5,1087.5,1102.5,1117.5,1132.5,1147.5,1162.5,1177.5,1192.5,1207.5,1222.5,1237.5,1252.5,1267.5,1282.5,1297.5,1312.5,1327.5,1342.5,1357.5,1372.5,1387.5,1402.5,1417.5,1432.5],"xname":"d$published_tod","equidist":true}
