{"breaks":[0,15,30,45,60,75,90,105,120,135,150,165,180,195,210,225,240,255,270,285,300,315,330,345,360,375,390,405,420,435,450,465,480,495,510,525,540,555,570,585,600,615,630,645,660,675,690,705,720,735,750,765,780,795,810,825,840,855,870,885,900,915,930,945,960,975,990,1005,1020,1035,1050,1065,1080,1095,1110,1125,1140,1155,1170,1185,1200,1215,1230,1245,1260,1275,1290,1305,1320,1335,1350,1365,1380,1395,1410,1425,1440],"counts":[51,28,24,24,30,21,18,9,10,13,9,7,12,11,15,12,14,3,0,10,2,2,3,0,3,2,3,6,7,7,12,8,17,16,19,22,27,26,26,10,24,34,41,21,31,26,23,30,34,42,28,29,38,31,59,32,19,32,39,41,31,31,36,38,40,36,33,29,43,49,26,37,29,33,44,51,55,48,43,37,47,36,45,40,37,49,49,37,46,38,36,42,30,43,41,38],"density":[0.00129969,0.000713558,0.000611621,0.000611621,0.000764526,0.000535168,0.000458716,0.000229358,0.000254842,0.000331295,0.000229358,0.000178389,0.00030581,0.000280326,0.000382263,0.00030581,0.000356779,7.64526e-05,0,0.000254842,5.09684e-05,5.09684e-05,7.64526e-05,0,7.64526e-05,5.09684e-05,7.64526e-05,0.000152905,0.000178389,0.000178389,0.00030581,0.000203874,0.000433231,0.000407747,0.0004842,0.000560652,0.000688073,0.000662589,0.000662589,0.000254842,0.000611621,0.000866463,0.00104485,0.000535168,0.00079001,0.000662589,0.000586137,0.000764526,0.000866463,0.00107034,0.000713558,0.000739042,0.0009684,0.00079001,0.00150357,0.000815494,0.0004842,0.000815494,0.000993884,0.00104485,0.00079001,0.00079001,0.000917431,0.0009684,0.00101937,0.000917431,0.000840979,0.000739042,0.00109582,0.00124873,0.000662589,0.000942915,0.000739042,0.000840979,0.0011213,0.00129969,0.00140163,0.00122324,0.00109582,0.000942915,0.00119776,0.000917431,0.00114679,0.00101937,0.000942915,0.00124873,0.00124873,0.000942915,0.00117227,0.0009684,0.000917431,0.00107034,0.000764526,0.00109582,0.00104485,0.0009684],"mids":[7.5,22.5,37.5,52.5,67.5,82.5,97.5,112.5,127.5,142.5,157.5,172.5,187.5,202.5,217.5,232.5,247.5,262.5,277.5,292.5,307.5,322.5,337.5,352.5,367.5,382.5,397.5,412.5,427.5,442.5,457.5,472.5,487.5,502.5,517.5,532.5,547.5,562.5,577.5,592.5,607.5,622.5,637.5,652.5,667.5,682.5,697.5,712.5,727.5,742.5,757.5,772.5,787.5,802.5,817.5,832.5,847.5,862.5,877.5,892.5,907.5,922.5,937.5,952.5,967.5,982.5,997.5,1012.5,1027.5,1042.5,1057.5,1072.5,1087.5,1102.5,1117.5,1132.5,1147.5,1162.5,1177.5,1192.5,1207.5,1222.5,1237.5,1252.5,1267.5,1282.5,1297.5,1312.5,1327.5,1342.5,1357.5,1372.5,1387.5,1402.5,1417.5,1432.5],"xname":"d$published_tod","equidist":true}
