{"breaks":[0,15,30,45,60,75,90,105,120,135,150,165,180,195,210,225,240,255,270,285,300,315,330,345,360,375,390,405,420,435,450,465,480,495,510,525,540,555,570,585,600,615,630,645,660,675,690,705,720,735,750,765,780,795,810,825,840,855,870,885,900,915,930,945,960,975,990,1005,1020,1035,1050,1065,1080,1095,1110,1125,1140,1155,1170,1185,1200,1215,1230,1245,1260,1275,1290,1305,1320,1335,1350,1365,1380,1395,1410,1425,1440],"counts":[110,135,96,87,124,91,76,79,67,68,58,43,37,47,37,38,21,28,31,10,19,10,17,17,19,13,24,33,49,47,81,74,77,87,100,138,149,129,157,177,159,186,183,203,203,204,192,192,211,202,209,236,228,235,253,238,235,218,247,231,221,270,271,258,247,253,236,259,241,313,230,238,233,267,242,255,241,222,225,211,206,204,185,184,187,215,182,194,177,134,152,151,155,155,140,117],"density":[0.000501048,0.000614922,0.000437278,0.000396283,0.000564817,0.000414503,0.000346178,0.000359843,0.000305184,0.000309739,0.000264189,0.000195864,0.000168534,0.000214084,0.000168534,0.000173089,9.56546e-05,0.000127539,0.000141204,4.55498e-05,8.65446e-05,4.55498e-05,7.74346e-05,7.74346e-05,8.65446e-05,5.92147e-05,0.000109319,0.000150314,0.000223194,0.000214084,0.000368953,0.000337068,0.000350733,0.000396283,0.000455498,0.000628587,0.000678692,0.000587592,0.000715132,0.000806231,0.000724242,0.000847226,0.000833561,0.000924661,0.000924661,0.000929216,0.000874556,0.000874556,0.0009611,0.000920106,0.000951991,0.00107497,0.00103854,0.00107042,0.00115241,0.00108408,0.00107042,0.000992985,0.00112508,0.0010522,0.00100665,0.00122984,0.0012344,0.00117518,0.00112508,0.00115241,0.00107497,0.00117974,0.00109775,0.00142571,0.00104765,0.00108408,0.00106131,0.00121618,0.0011023,0.00116152,0.00109775,0.00101121,0.00102487,0.0009611,0.000938326,0.000929216,0.000842671,0.000838116,0.000851781,0.00097932,0.000829006,0.000883666,0.000806231,0.000610367,0.000692357,0.000687802,0.000706022,0.000706022,0.000637697,0.000532932],"mids":[7.5,22.5,37.5,52.5,67.5,82.5,97.5,112.5,127.5,142.5,157.5,172.5,187.5,202.5,217.5,232.5,247.5,262.5,277.5,292.5,307.5,322.5,337.5,352.5,367.5,382.5,397.5,412.5,427.5,442.5,457.5,472.5,487.5,502.5,517.5,532.5,547.5,562.5,577.5,592.5,607.5,622.5,637.5,652.5,667.5,682.5,697.5,712.5,727.5,742.5,757.5,772.5,787.5,802.5,817.5,832.5,847.5,862.5,877.5,892.5,907.5,922.5,937.5,952.5,967.5,982.5,997.5,1012.5,1027.5,1042.5,1057.5,1072.5,1087.5,1102.5,1117.5,1132.5,1147.5,1162.5,1177.5,1192.5,1207.5,1222.5,1237.5,1252.5,1267.5,1282.5,1297.5,1312.5,1327.5,1342.5,1357.5,1372.5,1387.5,1402.5,1417.5,1432.5],"xname":"d$published_tod","equidist":true}
