{"breaks":[0,15,30,45,60,75,90,105,120,135,150,165,180,195,210,225,240,255,270,285,300,315,330,345,360,375,390,405,420,435,450,465,480,495,510,525,540,555,570,585,600,615,630,645,660,675,690,705,720,735,750,765,780,795,810,825,840,855,870,885,900,915,930,945,960,975,990,1005,1020,1035,1050,1065,1080,1095,1110,1125,1140,1155,1170,1185,1200,1215,1230,1245,1260,1275,1290,1305,1320,1335,1350,1365,1380,1395,1410,1425,1440],"counts":[22,23,22,23,30,30,24,23,14,17,23,11,11,8,12,9,7,9,3,3,0,3,3,4,1,5,6,5,14,15,19,18,31,22,23,19,18,33,15,24,27,14,29,29,25,25,32,29,28,37,19,36,33,32,23,29,43,38,31,29,21,29,26,22,25,18,35,38,23,27,29,27,27,37,27,27,33,26,18,34,39,23,23,27,27,40,37,41,36,48,28,34,24,33,32,38],"density":[0.000646393,0.000675775,0.000646393,0.000675775,0.000881446,0.000881446,0.000705156,0.000675775,0.000411341,0.000499486,0.000675775,0.000323197,0.000323197,0.000235052,0.000352578,0.000264434,0.000205671,0.000264434,8.81446e-05,8.81446e-05,0,8.81446e-05,8.81446e-05,0.000117526,2.93815e-05,0.000146908,0.000176289,0.000146908,0.000411341,0.000440723,0.000558249,0.000528867,0.000910827,0.000646393,0.000675775,0.000558249,0.000528867,0.00096959,0.000440723,0.000705156,0.000793301,0.000411341,0.000852064,0.000852064,0.000734538,0.000734538,0.000940209,0.000852064,0.000822683,0.00108712,0.000558249,0.00105773,0.00096959,0.000940209,0.000675775,0.000852064,0.00126341,0.0011165,0.000910827,0.000852064,0.000617012,0.000852064,0.000763919,0.000646393,0.000734538,0.000528867,0.00102835,0.0011165,0.000675775,0.000793301,0.000852064,0.000793301,0.000793301,0.00108712,0.000793301,0.000793301,0.00096959,0.000763919,0.000528867,0.000998972,0.00114588,0.000675775,0.000675775,0.000793301,0.000793301,0.00117526,0.00108712,0.00120464,0.00105773,0.00141031,0.000822683,0.000998972,0.000705156,0.00096959,0.000940209,0.0011165],"mids":[7.5,22.5,37.5,52.5,67.5,82.5,97.5,112.5,127.5,142.5,157.5,172.5,187.5,202.5,217.5,232.5,247.5,262.5,277.5,292.5,307.5,322.5,337.5,352.5,367.5,382.5,397.5,412.5,427.5,442.5,457.5,472.5,487.5,502.5,517.5,532.5,547.5,562.5,577.5,592.5,607.5,622.5,637.5,652.5,667.5,682.5,697.5,712.5,727.5,742.5,757.5,772.5,787.5,802.5,817.5,832.5,847.5,862.5,877.5,892.5,907.5,922.5,937.5,952.5,967.5,982.5,997.5,1012.5,1027.5,1042.5,1057.5,1072.5,1087.5,1102.5,1117.5,1132.5,1147.5,1162.5,1177.5,1192.5,1207.5,1222.5,1237.5,1252.5,1267.5,1282.5,1297.5,1312.5,1327.5,1342.5,1357.5,1372.5,1387.5,1402.5,1417.5,1432.5],"xname":"d$published_tod","equidist":true}
