{"breaks":[0,15,30,45,60,75,90,105,120,135,150,165,180,195,210,225,240,255,270,285,300,315,330,345,360,375,390,405,420,435,450,465,480,495,510,525,540,555,570,585,600,615,630,645,660,675,690,705,720,735,750,765,780,795,810,825,840,855,870,885,900,915,930,945,960,975,990,1005,1020,1035,1050,1065,1080,1095,1110,1125,1140,1155,1170,1185,1200,1215,1230,1245,1260,1275,1290,1305,1320,1335,1350,1365,1380,1395,1410,1425,1440],"counts":[42,32,32,26,19,27,34,36,23,20,16,16,7,8,10,6,6,7,4,3,9,12,9,11,8,10,15,10,27,16,15,24,30,26,41,36,38,30,34,52,49,41,43,30,50,49,49,35,36,53,51,43,42,52,47,43,44,68,47,48,50,41,41,39,41,37,44,47,42,65,67,74,62,78,76,61,43,52,54,54,75,46,50,50,48,51,34,36,52,50,56,39,36,41,30,39],"density":[0.000789177,0.000601278,0.000601278,0.000488538,0.000357009,0.000507328,0.000638858,0.000676437,0.000432168,0.000375799,0.000300639,0.000300639,0.00013153,0.000150319,0.000187899,0.00011274,0.00011274,0.00013153,7.51597e-05,5.63698e-05,0.000169109,0.000225479,0.000169109,0.000206689,0.000150319,0.000187899,0.000281849,0.000187899,0.000507328,0.000300639,0.000281849,0.000450958,0.000563698,0.000488538,0.000770387,0.000676437,0.000714017,0.000563698,0.000638858,0.000977076,0.000920707,0.000770387,0.000807967,0.000563698,0.000939496,0.000920707,0.000920707,0.000657648,0.000676437,0.000995866,0.000958286,0.000807967,0.000789177,0.000977076,0.000883127,0.000807967,0.000826757,0.00127772,0.000883127,0.000901917,0.000939496,0.000770387,0.000770387,0.000732807,0.000770387,0.000695227,0.000826757,0.000883127,0.000789177,0.00122135,0.00125893,0.00139045,0.00116498,0.00146561,0.00142803,0.00114619,0.000807967,0.000977076,0.00101466,0.00101466,0.00140924,0.000864337,0.000939496,0.000939496,0.000901917,0.000958286,0.000638858,0.000676437,0.000977076,0.000939496,0.00105224,0.000732807,0.000676437,0.000770387,0.000563698,0.000732807],"mids":[7.5,22.5,37.5,52.5,67.5,82.5,97.5,112.5,127.5,142.5,157.5,172.5,187.5,202.5,217.5,232.5,247.5,262.5,277.5,292.5,307.5,322.5,337.5,352.5,367.5,382.5,397.5,412.5,427.5,442.5,457.5,472.5,487.5,502.5,517.5,532.5,547.5,562.5,577.5,592.5,607.5,622.5,637.5,652.5,667.5,682.5,697.5,712.5,727.5,742.5,757.5,772.5,787.5,802.5,817.5,832.5,847.5,862.5,877.5,892.5,907.5,922.5,937.5,952.5,967.5,982.5,997.5,1012.5,1027.5,1042.5,1057.5,1072.5,1087.5,1102.5,1117.5,1132.5,1147.5,1162.5,1177.5,1192.5,1207.5,1222.5,1237.5,1252.5,1267.5,1282.5,1297.5,1312.5,1327.5,1342.5,1357.5,1372.5,1387.5,1402.5,1417.5,1432.5],"xname":"d$published_tod","equidist":true}
