{"breaks":[0,15,30,45,60,75,90,105,120,135,150,165,180,195,210,225,240,255,270,285,300,315,330,345,360,375,390,405,420,435,450,465,480,495,510,525,540,555,570,585,600,615,630,645,660,675,690,705,720,735,750,765,780,795,810,825,840,855,870,885,900,915,930,945,960,975,990,1005,1020,1035,1050,1065,1080,1095,1110,1125,1140,1155,1170,1185,1200,1215,1230,1245,1260,1275,1290,1305,1320,1335,1350,1365,1380,1395,1410,1425,1440],"counts":[58,53,51,46,35,40,30,18,25,13,23,11,11,9,9,11,4,7,4,5,4,4,3,5,4,6,6,12,6,9,17,15,16,22,37,26,38,46,36,33,30,50,40,31,26,50,40,45,56,65,62,55,53,44,50,49,56,42,47,53,44,42,52,53,46,47,59,62,42,43,40,52,46,46,58,52,57,69,64,64,86,52,61,76,52,63,78,65,56,63,78,62,79,44,76,45],"density":[0.00101063,0.000923506,0.000888657,0.000801533,0.000609862,0.000696986,0.000522739,0.000313643,0.000435616,0.00022652,0.000400767,0.000191671,0.000191671,0.000156822,0.000156822,0.000191671,6.96986e-05,0.000121972,6.96986e-05,8.71232e-05,6.96986e-05,6.96986e-05,5.22739e-05,8.71232e-05,6.96986e-05,0.000104548,0.000104548,0.000209096,0.000104548,0.000156822,0.000296219,0.00026137,0.000278794,0.000383342,0.000644712,0.000453041,0.000662136,0.000801533,0.000627287,0.000575013,0.000522739,0.000871232,0.000696986,0.000540164,0.000453041,0.000871232,0.000696986,0.000784109,0.00097578,0.0011326,0.00108033,0.000958355,0.000923506,0.000766684,0.000871232,0.000853807,0.00097578,0.000731835,0.000818958,0.000923506,0.000766684,0.000731835,0.000906081,0.000923506,0.000801533,0.000818958,0.00102805,0.00108033,0.000731835,0.000749259,0.000696986,0.000906081,0.000801533,0.000801533,0.00101063,0.000906081,0.000993204,0.0012023,0.00111518,0.00111518,0.00149852,0.000906081,0.0010629,0.00132427,0.000906081,0.00109775,0.00135912,0.0011326,0.00097578,0.00109775,0.00135912,0.00108033,0.00137655,0.000766684,0.00132427,0.000784109],"mids":[7.5,22.5,37.5,52.5,67.5,82.5,97.5,112.5,127.5,142.5,157.5,172.5,187.5,202.5,217.5,232.5,247.5,262.5,277.5,292.5,307.5,322.5,337.5,352.5,367.5,382.5,397.5,412.5,427.5,442.5,457.5,472.5,487.5,502.5,517.5,532.5,547.5,562.5,577.5,592.5,607.5,622.5,637.5,652.5,667.5,682.5,697.5,712.5,727.5,742.5,757.5,772.5,787.5,802.5,817.5,832.5,847.5,862.5,877.5,892.5,907.5,922.5,937.5,952.5,967.5,982.5,997.5,1012.5,1027.5,1042.5,1057.5,1072.5,1087.5,1102.5,1117.5,1132.5,1147.5,1162.5,1177.5,1192.5,1207.5,1222.5,1237.5,1252.5,1267.5,1282.5,1297.5,1312.5,1327.5,1342.5,1357.5,1372.5,1387.5,1402.5,1417.5,1432.5],"xname":"d$published_tod","equidist":true}
