{"breaks":[0,15,30,45,60,75,90,105,120,135,150,165,180,195,210,225,240,255,270,285,300,315,330,345,360,375,390,405,420,435,450,465,480,495,510,525,540,555,570,585,600,615,630,645,660,675,690,705,720,735,750,765,780,795,810,825,840,855,870,885,900,915,930,945,960,975,990,1005,1020,1035,1050,1065,1080,1095,1110,1125,1140,1155,1170,1185,1200,1215,1230,1245,1260,1275,1290,1305,1320,1335,1350,1365,1380,1395,1410,1425,1440],"counts":[18,6,8,11,7,10,5,2,5,3,5,2,0,1,2,2,0,3,4,2,2,1,2,1,1,2,3,4,6,5,6,4,8,4,5,3,10,8,15,20,7,12,10,4,11,14,14,15,15,14,18,14,11,16,16,11,15,15,21,13,14,17,22,13,12,19,18,21,28,18,23,24,20,19,15,23,20,37,19,20,8,18,25,16,15,21,11,19,12,17,17,12,16,15,11,18],"density":[0.00106667,0.000355556,0.000474074,0.000651852,0.000414815,0.000592593,0.000296296,0.000118519,0.000296296,0.000177778,0.000296296,0.000118519,0,5.92593e-05,0.000118519,0.000118519,0,0.000177778,0.000237037,0.000118519,0.000118519,5.92593e-05,0.000118519,5.92593e-05,5.92593e-05,0.000118519,0.000177778,0.000237037,0.000355556,0.000296296,0.000355556,0.000237037,0.000474074,0.000237037,0.000296296,0.000177778,0.000592593,0.000474074,0.000888889,0.00118519,0.000414815,0.000711111,0.000592593,0.000237037,0.000651852,0.00082963,0.00082963,0.000888889,0.000888889,0.00082963,0.00106667,0.00082963,0.000651852,0.000948148,0.000948148,0.000651852,0.000888889,0.000888889,0.00124444,0.00077037,0.00082963,0.00100741,0.0013037,0.00077037,0.000711111,0.00112593,0.00106667,0.00124444,0.00165926,0.00106667,0.00136296,0.00142222,0.00118519,0.00112593,0.000888889,0.00136296,0.00118519,0.00219259,0.00112593,0.00118519,0.000474074,0.00106667,0.00148148,0.000948148,0.000888889,0.00124444,0.000651852,0.00112593,0.000711111,0.00100741,0.00100741,0.000711111,0.000948148,0.000888889,0.000651852,0.00106667],"mids":[7.5,22.5,37.5,52.5,67.5,82.5,97.5,112.5,127.5,142.5,157.5,172.5,187.5,202.5,217.5,232.5,247.5,262.5,277.5,292.5,307.5,322.5,337.5,352.5,367.5,382.5,397.5,412.5,427.5,442.5,457.5,472.5,487.5,502.5,517.5,532.5,547.5,562.5,577.5,592.5,607.5,622.5,637.5,652.5,667.5,682.5,697.5,712.5,727.5,742.5,757.5,772.5,787.5,802.5,817.5,832.5,847.5,862.5,877.5,892.5,907.5,922.5,937.5,952.5,967.5,982.5,997.5,1012.5,1027.5,1042.5,1057.5,1072.5,1087.5,1102.5,1117.5,1132.5,1147.5,1162.5,1177.5,1192.5,1207.5,1222.5,1237.5,1252.5,1267.5,1282.5,1297.5,1312.5,1327.5,1342.5,1357.5,1372.5,1387.5,1402.5,1417.5,1432.5],"xname":"d$published_tod","equidist":true}
