{"breaks":[0,15,30,45,60,75,90,105,120,135,150,165,180,195,210,225,240,255,270,285,300,315,330,345,360,375,390,405,420,435,450,465,480,495,510,525,540,555,570,585,600,615,630,645,660,675,690,705,720,735,750,765,780,795,810,825,840,855,870,885,900,915,930,945,960,975,990,1005,1020,1035,1050,1065,1080,1095,1110,1125,1140,1155,1170,1185,1200,1215,1230,1245,1260,1275,1290,1305,1320,1335,1350,1365,1380,1395,1410,1425,1440],"counts":[71,49,44,44,28,32,24,33,18,16,16,9,11,7,15,7,9,10,13,16,6,7,1,4,8,6,8,17,22,22,42,50,37,44,64,54,85,58,67,78,70,86,77,86,86,78,87,95,74,104,92,100,83,111,92,100,134,83,122,93,119,104,109,130,69,75,92,110,100,100,104,88,97,115,108,90,97,114,104,90,103,87,76,89,85,69,82,85,94,68,76,83,64,62,69,45],"density":[0.000756486,0.000522082,0.000468808,0.000468808,0.000298333,0.000340951,0.000255714,0.000351606,0.000191785,0.000170476,0.000170476,9.58926e-05,0.000117202,7.45831e-05,0.000159821,7.45831e-05,9.58926e-05,0.000106547,0.000138512,0.000170476,6.39284e-05,7.45831e-05,1.06547e-05,4.26189e-05,8.52379e-05,6.39284e-05,8.52379e-05,0.00018113,0.000234404,0.000234404,0.000447499,0.000532737,0.000394225,0.000468808,0.000681903,0.000575356,0.000905652,0.000617975,0.000713867,0.000831069,0.000745831,0.000916307,0.000820414,0.000916307,0.000916307,0.000831069,0.000926962,0.0010122,0.00078845,0.00110809,0.000980235,0.00106547,0.000884343,0.00118268,0.000980235,0.00106547,0.00142773,0.000884343,0.00129988,0.00099089,0.00126791,0.00110809,0.00116137,0.00138512,0.000735177,0.000799105,0.000980235,0.00117202,0.00106547,0.00106547,0.00110809,0.000937617,0.00103351,0.00122529,0.00115071,0.000958926,0.00103351,0.00121464,0.00110809,0.000958926,0.00109744,0.000926962,0.00080976,0.000948271,0.000905652,0.000735177,0.000873688,0.000905652,0.00100154,0.000724522,0.00080976,0.000884343,0.000681903,0.000660593,0.000735177,0.000479463],"mids":[7.5,22.5,37.5,52.5,67.5,82.5,97.5,112.5,127.5,142.5,157.5,172.5,187.5,202.5,217.5,232.5,247.5,262.5,277.5,292.5,307.5,322.5,337.5,352.5,367.5,382.5,397.5,412.5,427.5,442.5,457.5,472.5,487.5,502.5,517.5,532.5,547.5,562.5,577.5,592.5,607.5,622.5,637.5,652.5,667.5,682.5,697.5,712.5,727.5,742.5,757.5,772.5,787.5,802.5,817.5,832.5,847.5,862.5,877.5,892.5,907.5,922.5,937.5,952.5,967.5,982.5,997.5,1012.5,1027.5,1042.5,1057.5,1072.5,1087.5,1102.5,1117.5,1132.5,1147.5,1162.5,1177.5,1192.5,1207.5,1222.5,1237.5,1252.5,1267.5,1282.5,1297.5,1312.5,1327.5,1342.5,1357.5,1372.5,1387.5,1402.5,1417.5,1432.5],"xname":"d$published_tod","equidist":true}
