{"breaks":[0,15,30,45,60,75,90,105,120,135,150,165,180,195,210,225,240,255,270,285,300,315,330,345,360,375,390,405,420,435,450,465,480,495,510,525,540,555,570,585,600,615,630,645,660,675,690,705,720,735,750,765,780,795,810,825,840,855,870,885,900,915,930,945,960,975,990,1005,1020,1035,1050,1065,1080,1095,1110,1125,1140,1155,1170,1185,1200,1215,1230,1245,1260,1275,1290,1305,1320,1335,1350,1365,1380,1395,1410,1425,1440],"counts":[264,188,214,185,179,206,184,139,178,138,125,103,88,76,86,63,44,36,36,37,23,27,21,19,26,38,48,45,58,68,56,61,93,101,121,113,124,156,142,133,136,153,188,167,200,197,198,199,223,227,204,259,239,249,250,239,252,253,247,288,265,259,237,255,288,241,274,298,318,303,274,279,285,315,264,294,288,283,259,264,278,249,250,268,276,229,246,257,251,267,261,268,255,251,215,225],"density":[0.000977832,0.000696335,0.000792637,0.000685223,0.000663,0.000763005,0.000681519,0.000514843,0.000659296,0.00051114,0.000462989,0.000381503,0.000325944,0.000281497,0.000318536,0.000233346,0.000162972,0.000133341,0.000133341,0.000137045,8.51899e-05,0.000100006,7.77821e-05,7.03743e-05,9.63016e-05,0.000140749,0.000177788,0.000166676,0.000214827,0.000251866,0.000207419,0.000225938,0.000344464,0.000374095,0.000448173,0.000418542,0.000459285,0.00057781,0.000525955,0.00049262,0.000503732,0.000566698,0.000696335,0.000618553,0.000740782,0.00072967,0.000733374,0.000737078,0.000825972,0.000840787,0.000755598,0.000959313,0.000885234,0.000922273,0.000925977,0.000885234,0.000933385,0.000937089,0.000914866,0.00106673,0.000981536,0.000959313,0.000877827,0.000944497,0.00106673,0.000892642,0.00101487,0.00110377,0.00117784,0.00112228,0.00101487,0.00103339,0.00105561,0.00116673,0.000977832,0.00108895,0.00106673,0.00104821,0.000959313,0.000977832,0.00102969,0.000922273,0.000925977,0.000992648,0.00102228,0.000848195,0.000911162,0.000951905,0.000929681,0.000988944,0.00096672,0.000992648,0.000944497,0.000929681,0.000796341,0.00083338],"mids":[7.5,22.5,37.5,52.5,67.5,82.5,97.5,112.5,127.5,142.5,157.5,172.5,187.5,202.5,217.5,232.5,247.5,262.5,277.5,292.5,307.5,322.5,337.5,352.5,367.5,382.5,397.5,412.5,427.5,442.5,457.5,472.5,487.5,502.5,517.5,532.5,547.5,562.5,577.5,592.5,607.5,622.5,637.5,652.5,667.5,682.5,697.5,712.5,727.5,742.5,757.5,772.5,787.5,802.5,817.5,832.5,847.5,862.5,877.5,892.5,907.5,922.5,937.5,952.5,967.5,982.5,997.5,1012.5,1027.5,1042.5,1057.5,1072.5,1087.5,1102.5,1117.5,1132.5,1147.5,1162.5,1177.5,1192.5,1207.5,1222.5,1237.5,1252.5,1267.5,1282.5,1297.5,1312.5,1327.5,1342.5,1357.5,1372.5,1387.5,1402.5,1417.5,1432.5],"xname":"d$published_tod","equidist":true}
