{"breaks":[0,15,30,45,60,75,90,105,120,135,150,165,180,195,210,225,240,255,270,285,300,315,330,345,360,375,390,405,420,435,450,465,480,495,510,525,540,555,570,585,600,615,630,645,660,675,690,705,720,735,750,765,780,795,810,825,840,855,870,885,900,915,930,945,960,975,990,1005,1020,1035,1050,1065,1080,1095,1110,1125,1140,1155,1170,1185,1200,1215,1230,1245,1260,1275,1290,1305,1320,1335,1350,1365,1380,1395,1410,1425,1440],"counts":[26,24,13,7,15,12,4,4,7,1,2,2,2,2,0,0,1,2,2,0,3,1,0,1,1,5,4,5,14,11,13,16,16,12,11,28,24,22,24,18,20,21,18,21,23,25,29,29,34,21,18,24,35,28,39,24,43,23,37,40,33,42,27,34,32,23,33,43,35,31,37,39,31,59,45,51,35,33,35,33,48,58,35,27,43,38,40,41,29,26,36,42,28,40,23,16],"density":[0.000785024,0.000724638,0.000392512,0.000211353,0.000452899,0.000362319,0.000120773,0.000120773,0.000211353,3.01932e-05,6.03865e-05,6.03865e-05,6.03865e-05,6.03865e-05,0,0,3.01932e-05,6.03865e-05,6.03865e-05,0,9.05797e-05,3.01932e-05,0,3.01932e-05,3.01932e-05,0.000150966,0.000120773,0.000150966,0.000422705,0.000332126,0.000392512,0.000483092,0.000483092,0.000362319,0.000332126,0.000845411,0.000724638,0.000664251,0.000724638,0.000543478,0.000603865,0.000634058,0.000543478,0.000634058,0.000694444,0.000754831,0.000875604,0.000875604,0.00102657,0.000634058,0.000543478,0.000724638,0.00105676,0.000845411,0.00117754,0.000724638,0.00129831,0.000694444,0.00111715,0.00120773,0.000996377,0.00126812,0.000815217,0.00102657,0.000966184,0.000694444,0.000996377,0.00129831,0.00105676,0.00093599,0.00111715,0.00117754,0.00093599,0.0017814,0.0013587,0.00153986,0.00105676,0.000996377,0.00105676,0.000996377,0.00144928,0.00175121,0.00105676,0.000815217,0.00129831,0.00114734,0.00120773,0.00123792,0.000875604,0.000785024,0.00108696,0.00126812,0.000845411,0.00120773,0.000694444,0.000483092],"mids":[7.5,22.5,37.5,52.5,67.5,82.5,97.5,112.5,127.5,142.5,157.5,172.5,187.5,202.5,217.5,232.5,247.5,262.5,277.5,292.5,307.5,322.5,337.5,352.5,367.5,382.5,397.5,412.5,427.5,442.5,457.5,472.5,487.5,502.5,517.5,532.5,547.5,562.5,577.5,592.5,607.5,622.5,637.5,652.5,667.5,682.5,697.5,712.5,727.5,742.5,757.5,772.5,787.5,802.5,817.5,832.5,847.5,862.5,877.5,892.5,907.5,922.5,937.5,952.5,967.5,982.5,997.5,1012.5,1027.5,1042.5,1057.5,1072.5,1087.5,1102.5,1117.5,1132.5,1147.5,1162.5,1177.5,1192.5,1207.5,1222.5,1237.5,1252.5,1267.5,1282.5,1297.5,1312.5,1327.5,1342.5,1357.5,1372.5,1387.5,1402.5,1417.5,1432.5],"xname":"d$published_tod","equidist":true}
