{"breaks":[0,15,30,45,60,75,90,105,120,135,150,165,180,195,210,225,240,255,270,285,300,315,330,345,360,375,390,405,420,435,450,465,480,495,510,525,540,555,570,585,600,615,630,645,660,675,690,705,720,735,750,765,780,795,810,825,840,855,870,885,900,915,930,945,960,975,990,1005,1020,1035,1050,1065,1080,1095,1110,1125,1140,1155,1170,1185,1200,1215,1230,1245,1260,1275,1290,1305,1320,1335,1350,1365,1380,1395,1410,1425,1440],"counts":[56,53,37,28,18,27,25,19,31,22,11,24,21,9,16,8,5,6,6,9,13,16,4,12,8,12,8,10,34,29,40,38,50,42,31,30,38,27,39,30,48,40,38,49,32,44,35,47,35,34,52,40,46,55,53,48,50,46,51,32,50,32,49,50,52,51,65,51,56,62,50,44,43,55,54,69,54,56,72,76,69,62,48,75,75,73,61,77,71,93,59,72,73,75,64,84],"density":[0.000924321,0.000874804,0.000610712,0.000462161,0.000297103,0.000445655,0.000412643,0.000313609,0.000511678,0.000363126,0.000181563,0.000396138,0.00034662,0.000148552,0.000264092,0.000132046,8.25287e-05,9.90344e-05,9.90344e-05,0.000148552,0.000214575,0.000264092,6.60229e-05,0.000198069,0.000132046,0.000198069,0.000132046,0.000165057,0.000561195,0.000478666,0.000660229,0.000627218,0.000825287,0.000693241,0.000511678,0.000495172,0.000627218,0.000445655,0.000643724,0.000495172,0.000792275,0.000660229,0.000627218,0.000808781,0.000528184,0.000726252,0.000577701,0.00077577,0.000577701,0.000561195,0.000858298,0.000660229,0.000759264,0.000907815,0.000874804,0.000792275,0.000825287,0.000759264,0.000841793,0.000528184,0.000825287,0.000528184,0.000808781,0.000825287,0.000858298,0.000841793,0.00107287,0.000841793,0.000924321,0.00102336,0.000825287,0.000726252,0.000709747,0.000907815,0.00089131,0.0011389,0.00089131,0.000924321,0.00118841,0.00125444,0.0011389,0.00102336,0.000792275,0.00123793,0.00123793,0.00120492,0.00100685,0.00127094,0.00117191,0.00153503,0.000973838,0.00118841,0.00120492,0.00123793,0.00105637,0.00138648],"mids":[7.5,22.5,37.5,52.5,67.5,82.5,97.5,112.5,127.5,142.5,157.5,172.5,187.5,202.5,217.5,232.5,247.5,262.5,277.5,292.5,307.5,322.5,337.5,352.5,367.5,382.5,397.5,412.5,427.5,442.5,457.5,472.5,487.5,502.5,517.5,532.5,547.5,562.5,577.5,592.5,607.5,622.5,637.5,652.5,667.5,682.5,697.5,712.5,727.5,742.5,757.5,772.5,787.5,802.5,817.5,832.5,847.5,862.5,877.5,892.5,907.5,922.5,937.5,952.5,967.5,982.5,997.5,1012.5,1027.5,1042.5,1057.5,1072.5,1087.5,1102.5,1117.5,1132.5,1147.5,1162.5,1177.5,1192.5,1207.5,1222.5,1237.5,1252.5,1267.5,1282.5,1297.5,1312.5,1327.5,1342.5,1357.5,1372.5,1387.5,1402.5,1417.5,1432.5],"xname":"d$published_tod","equidist":true}
