{"breaks":[0,15,30,45,60,75,90,105,120,135,150,165,180,195,210,225,240,255,270,285,300,315,330,345,360,375,390,405,420,435,450,465,480,495,510,525,540,555,570,585,600,615,630,645,660,675,690,705,720,735,750,765,780,795,810,825,840,855,870,885,900,915,930,945,960,975,990,1005,1020,1035,1050,1065,1080,1095,1110,1125,1140,1155,1170,1185,1200,1215,1230,1245,1260,1275,1290,1305,1320,1335,1350,1365,1380,1395,1410,1425,1440],"counts":[138,136,131,94,102,90,92,89,70,80,57,48,49,30,33,29,35,22,13,18,11,11,7,6,5,10,11,11,19,26,28,29,20,43,52,46,63,60,50,61,80,72,63,91,81,67,75,72,104,81,78,93,86,79,96,110,116,115,115,122,116,120,109,126,92,83,110,112,119,97,116,106,112,113,104,98,100,134,103,118,118,128,107,138,158,131,125,112,150,112,139,135,163,151,168,130],"density":[0.00113946,0.00112295,0.00108166,0.000776154,0.00084221,0.000743126,0.00075964,0.000734869,0.000577987,0.000660557,0.000470647,0.000396334,0.000404591,0.000247709,0.00027248,0.000239452,0.000288993,0.000181653,0.00010734,0.000148625,9.08265e-05,9.08265e-05,5.77987e-05,4.95417e-05,4.12848e-05,8.25696e-05,9.08265e-05,9.08265e-05,0.000156882,0.000214681,0.000231195,0.000239452,0.000165139,0.000355049,0.000429362,0.00037982,0.000520188,0.000495417,0.000412848,0.000503674,0.000660557,0.000594501,0.000520188,0.000751383,0.000668813,0.000553216,0.000619272,0.000594501,0.000858723,0.000668813,0.000644043,0.000767897,0.000710098,0.0006523,0.000792668,0.000908265,0.000957807,0.00094955,0.00094955,0.00100735,0.000957807,0.000990835,0.000900008,0.00104038,0.00075964,0.000685327,0.000908265,0.000924779,0.000982578,0.000800925,0.000957807,0.000875237,0.000924779,0.000933036,0.000858723,0.000809182,0.000825696,0.00110643,0.000850467,0.000974321,0.000974321,0.00105689,0.000883494,0.00113946,0.0013046,0.00108166,0.00103212,0.000924779,0.00123854,0.000924779,0.00114772,0.00111469,0.00134588,0.0012468,0.00138717,0.0010734],"mids":[7.5,22.5,37.5,52.5,67.5,82.5,97.5,112.5,127.5,142.5,157.5,172.5,187.5,202.5,217.5,232.5,247.5,262.5,277.5,292.5,307.5,322.5,337.5,352.5,367.5,382.5,397.5,412.5,427.5,442.5,457.5,472.5,487.5,502.5,517.5,532.5,547.5,562.5,577.5,592.5,607.5,622.5,637.5,652.5,667.5,682.5,697.5,712.5,727.5,742.5,757.5,772.5,787.5,802.5,817.5,832.5,847.5,862.5,877.5,892.5,907.5,922.5,937.5,952.5,967.5,982.5,997.5,1012.5,1027.5,1042.5,1057.5,1072.5,1087.5,1102.5,1117.5,1132.5,1147.5,1162.5,1177.5,1192.5,1207.5,1222.5,1237.5,1252.5,1267.5,1282.5,1297.5,1312.5,1327.5,1342.5,1357.5,1372.5,1387.5,1402.5,1417.5,1432.5],"xname":"d$published_tod","equidist":true}
