{"breaks":[0,15,30,45,60,75,90,105,120,135,150,165,180,195,210,225,240,255,270,285,300,315,330,345,360,375,390,405,420,435,450,465,480,495,510,525,540,555,570,585,600,615,630,645,660,675,690,705,720,735,750,765,780,795,810,825,840,855,870,885,900,915,930,945,960,975,990,1005,1020,1035,1050,1065,1080,1095,1110,1125,1140,1155,1170,1185,1200,1215,1230,1245,1260,1275,1290,1305,1320,1335,1350,1365,1380,1395,1410,1425,1440],"counts":[61,45,45,46,34,48,37,38,12,23,24,23,4,4,9,8,6,6,5,3,2,2,9,9,7,8,9,18,19,30,20,34,34,45,72,45,55,46,45,60,59,55,70,66,52,75,45,84,90,72,93,76,108,66,68,69,66,71,95,84,66,105,100,82,92,100,106,73,79,77,102,110,102,98,102,125,105,128,110,102,93,101,106,107,114,93,95,81,95,87,80,85,89,58,63,71],"density":[0.000689733,0.00050882,0.00050882,0.000520127,0.000384441,0.000542741,0.000418363,0.00042967,0.000135685,0.000260063,0.00027137,0.000260063,4.52284e-05,4.52284e-05,0.000101764,9.04568e-05,6.78426e-05,6.78426e-05,5.65355e-05,3.39213e-05,2.26142e-05,2.26142e-05,0.000101764,0.000101764,7.91497e-05,9.04568e-05,0.000101764,0.000203528,0.000214835,0.000339213,0.000226142,0.000384441,0.000384441,0.00050882,0.000814111,0.00050882,0.000621891,0.000520127,0.00050882,0.000678426,0.000667119,0.000621891,0.000791497,0.000746269,0.000587969,0.000848033,0.00050882,0.000949796,0.00101764,0.000814111,0.00105156,0.00085934,0.00122117,0.000746269,0.000768883,0.00078019,0.000746269,0.000802804,0.00107417,0.000949796,0.000746269,0.00118725,0.00113071,0.000927182,0.00104025,0.00113071,0.00119855,0.000825418,0.000893261,0.000870647,0.00115332,0.00124378,0.00115332,0.0011081,0.00115332,0.00141339,0.00118725,0.00144731,0.00124378,0.00115332,0.00105156,0.00114202,0.00119855,0.00120986,0.00128901,0.00105156,0.00107417,0.000915875,0.00107417,0.000983718,0.000904568,0.000961104,0.00100633,0.000655812,0.000712347,0.000802804],"mids":[7.5,22.5,37.5,52.5,67.5,82.5,97.5,112.5,127.5,142.5,157.5,172.5,187.5,202.5,217.5,232.5,247.5,262.5,277.5,292.5,307.5,322.5,337.5,352.5,367.5,382.5,397.5,412.5,427.5,442.5,457.5,472.5,487.5,502.5,517.5,532.5,547.5,562.5,577.5,592.5,607.5,622.5,637.5,652.5,667.5,682.5,697.5,712.5,727.5,742.5,757.5,772.5,787.5,802.5,817.5,832.5,847.5,862.5,877.5,892.5,907.5,922.5,937.5,952.5,967.5,982.5,997.5,1012.5,1027.5,1042.5,1057.5,1072.5,1087.5,1102.5,1117.5,1132.5,1147.5,1162.5,1177.5,1192.5,1207.5,1222.5,1237.5,1252.5,1267.5,1282.5,1297.5,1312.5,1327.5,1342.5,1357.5,1372.5,1387.5,1402.5,1417.5,1432.5],"xname":"d$published_tod","equidist":true}
