{"breaks":[0,15,30,45,60,75,90,105,120,135,150,165,180,195,210,225,240,255,270,285,300,315,330,345,360,375,390,405,420,435,450,465,480,495,510,525,540,555,570,585,600,615,630,645,660,675,690,705,720,735,750,765,780,795,810,825,840,855,870,885,900,915,930,945,960,975,990,1005,1020,1035,1050,1065,1080,1095,1110,1125,1140,1155,1170,1185,1200,1215,1230,1245,1260,1275,1290,1305,1320,1335,1350,1365,1380,1395,1410,1425,1440],"counts":[65,64,52,48,40,58,39,33,29,40,31,18,24,23,13,13,15,5,13,10,11,6,8,8,12,14,41,28,40,44,51,55,62,63,63,79,77,82,87,85,96,102,98,111,95,121,105,110,101,113,131,99,109,103,130,138,108,139,126,109,118,98,112,139,105,108,114,106,133,122,90,116,116,122,111,124,98,106,106,102,98,87,105,102,90,78,70,76,78,101,81,91,58,65,72,86],"density":[0.000587411,0.000578374,0.000469929,0.000433781,0.000361484,0.000524152,0.000352447,0.000298224,0.000262076,0.000361484,0.00028015,0.000162668,0.00021689,0.000207853,0.000117482,0.000117482,0.000135556,4.51855e-05,0.000117482,9.0371e-05,9.94081e-05,5.42226e-05,7.22968e-05,7.22968e-05,0.000108445,0.000126519,0.000370521,0.000253039,0.000361484,0.000397632,0.000460892,0.00049704,0.0005603,0.000569337,0.000569337,0.000713931,0.000695856,0.000741042,0.000786227,0.000768153,0.000867561,0.000921784,0.000885636,0.00100312,0.000858524,0.00109349,0.000948895,0.000994081,0.000912747,0.00102119,0.00118386,0.000894673,0.000985044,0.000930821,0.00117482,0.00124712,0.000976007,0.00125616,0.00113867,0.000985044,0.00106638,0.000885636,0.00101215,0.00125616,0.000948895,0.000976007,0.00103023,0.000957932,0.00120193,0.00110253,0.000813339,0.0010483,0.0010483,0.00110253,0.00100312,0.0011206,0.000885636,0.000957932,0.000957932,0.000921784,0.000885636,0.000786227,0.000948895,0.000921784,0.000813339,0.000704894,0.000632597,0.000686819,0.000704894,0.000912747,0.000732005,0.000822376,0.000524152,0.000587411,0.000650671,0.00077719],"mids":[7.5,22.5,37.5,52.5,67.5,82.5,97.5,112.5,127.5,142.5,157.5,172.5,187.5,202.5,217.5,232.5,247.5,262.5,277.5,292.5,307.5,322.5,337.5,352.5,367.5,382.5,397.5,412.5,427.5,442.5,457.5,472.5,487.5,502.5,517.5,532.5,547.5,562.5,577.5,592.5,607.5,622.5,637.5,652.5,667.5,682.5,697.5,712.5,727.5,742.5,757.5,772.5,787.5,802.5,817.5,832.5,847.5,862.5,877.5,892.5,907.5,922.5,937.5,952.5,967.5,982.5,997.5,1012.5,1027.5,1042.5,1057.5,1072.5,1087.5,1102.5,1117.5,1132.5,1147.5,1162.5,1177.5,1192.5,1207.5,1222.5,1237.5,1252.5,1267.5,1282.5,1297.5,1312.5,1327.5,1342.5,1357.5,1372.5,1387.5,1402.5,1417.5,1432.5],"xname":"d$published_tod","equidist":true}
