{"breaks":[0,15,30,45,60,75,90,105,120,135,150,165,180,195,210,225,240,255,270,285,300,315,330,345,360,375,390,405,420,435,450,465,480,495,510,525,540,555,570,585,600,615,630,645,660,675,690,705,720,735,750,765,780,795,810,825,840,855,870,885,900,915,930,945,960,975,990,1005,1020,1035,1050,1065,1080,1095,1110,1125,1140,1155,1170,1185,1200,1215,1230,1245,1260,1275,1290,1305,1320,1335,1350,1365,1380,1395,1410,1425,1440],"counts":[52,50,53,39,46,41,34,32,26,23,16,18,20,10,14,44,43,30,10,11,7,6,8,13,12,7,8,12,12,27,27,30,28,29,32,29,39,33,24,49,38,40,44,62,57,48,36,43,49,49,55,66,40,56,85,47,51,58,56,39,53,52,51,52,51,51,39,49,48,48,41,59,61,57,58,53,46,60,60,49,67,70,48,74,67,61,59,61,66,80,53,80,67,70,58,41],"density":[0.000840812,0.000808473,0.000856981,0.000630609,0.000743795,0.000662948,0.000549762,0.000517423,0.000420406,0.000371897,0.000258711,0.00029105,0.000323389,0.000161695,0.000226372,0.000711456,0.000695287,0.000485084,0.000161695,0.000177864,0.000113186,9.70167e-05,0.000129356,0.000210203,0.000194033,0.000113186,0.000129356,0.000194033,0.000194033,0.000436575,0.000436575,0.000485084,0.000452745,0.000468914,0.000517423,0.000468914,0.000630609,0.000533592,0.000388067,0.000792303,0.000614439,0.000646778,0.000711456,0.00100251,0.000921659,0.000776134,0.0005821,0.000695287,0.000792303,0.000792303,0.00088932,0.00106718,0.000646778,0.00090549,0.0013744,0.000759964,0.000824642,0.000937828,0.00090549,0.000630609,0.000856981,0.000840812,0.000824642,0.000840812,0.000824642,0.000824642,0.000630609,0.000792303,0.000776134,0.000776134,0.000662948,0.000953998,0.000986337,0.000921659,0.000937828,0.000856981,0.000743795,0.000970167,0.000970167,0.000792303,0.00108335,0.00113186,0.000776134,0.00119654,0.00108335,0.000986337,0.000953998,0.000986337,0.00106718,0.00129356,0.000856981,0.00129356,0.00108335,0.00113186,0.000937828,0.000662948],"mids":[7.5,22.5,37.5,52.5,67.5,82.5,97.5,112.5,127.5,142.5,157.5,172.5,187.5,202.5,217.5,232.5,247.5,262.5,277.5,292.5,307.5,322.5,337.5,352.5,367.5,382.5,397.5,412.5,427.5,442.5,457.5,472.5,487.5,502.5,517.5,532.5,547.5,562.5,577.5,592.5,607.5,622.5,637.5,652.5,667.5,682.5,697.5,712.5,727.5,742.5,757.5,772.5,787.5,802.5,817.5,832.5,847.5,862.5,877.5,892.5,907.5,922.5,937.5,952.5,967.5,982.5,997.5,1012.5,1027.5,1042.5,1057.5,1072.5,1087.5,1102.5,1117.5,1132.5,1147.5,1162.5,1177.5,1192.5,1207.5,1222.5,1237.5,1252.5,1267.5,1282.5,1297.5,1312.5,1327.5,1342.5,1357.5,1372.5,1387.5,1402.5,1417.5,1432.5],"xname":"d$published_tod","equidist":true}
