{"breaks":[0,15,30,45,60,75,90,105,120,135,150,165,180,195,210,225,240,255,270,285,300,315,330,345,360,375,390,405,420,435,450,465,480,495,510,525,540,555,570,585,600,615,630,645,660,675,690,705,720,735,750,765,780,795,810,825,840,855,870,885,900,915,930,945,960,975,990,1005,1020,1035,1050,1065,1080,1095,1110,1125,1140,1155,1170,1185,1200,1215,1230,1245,1260,1275,1290,1305,1320,1335,1350,1365,1380,1395,1410,1425,1440],"counts":[71,69,63,47,38,52,44,25,22,35,24,24,17,14,15,9,5,8,9,5,4,5,3,3,4,8,21,20,26,32,37,46,59,38,52,40,56,74,42,56,65,63,73,78,84,77,80,85,77,81,96,109,82,74,85,98,69,80,91,94,91,94,81,123,71,79,113,102,92,90,95,97,97,83,89,130,98,123,98,90,84,96,97,109,99,115,124,102,102,98,92,84,103,88,73,64],"density":[0.00074788,0.000726813,0.000663612,0.000495076,0.000400274,0.000547743,0.000463475,0.000263338,0.000231738,0.000368673,0.000252805,0.000252805,0.00017907,0.000147469,0.000158003,9.48017e-05,5.26676e-05,8.42682e-05,9.48017e-05,5.26676e-05,4.21341e-05,5.26676e-05,3.16006e-05,3.16006e-05,4.21341e-05,8.42682e-05,0.000221204,0.00021067,0.000273872,0.000337073,0.00038974,0.000484542,0.000621478,0.000400274,0.000547743,0.000421341,0.000589877,0.000779481,0.000442408,0.000589877,0.000684679,0.000663612,0.000768947,0.000821615,0.000884816,0.000811081,0.000842682,0.000895349,0.000811081,0.000853215,0.00101122,0.00114815,0.000863749,0.000779481,0.000895349,0.00103229,0.000726813,0.000842682,0.000958551,0.000990151,0.000958551,0.000990151,0.000853215,0.00129562,0.00074788,0.000832148,0.00119029,0.00107442,0.000969084,0.000948017,0.00100068,0.00102175,0.00102175,0.000874282,0.000937484,0.00136936,0.00103229,0.00129562,0.00103229,0.000948017,0.000884816,0.00101122,0.00102175,0.00114815,0.00104282,0.00121136,0.00130616,0.00107442,0.00107442,0.00103229,0.000969084,0.000884816,0.00108495,0.00092695,0.000768947,0.000674145],"mids":[7.5,22.5,37.5,52.5,67.5,82.5,97.5,112.5,127.5,142.5,157.5,172.5,187.5,202.5,217.5,232.5,247.5,262.5,277.5,292.5,307.5,322.5,337.5,352.5,367.5,382.5,397.5,412.5,427.5,442.5,457.5,472.5,487.5,502.5,517.5,532.5,547.5,562.5,577.5,592.5,607.5,622.5,637.5,652.5,667.5,682.5,697.5,712.5,727.5,742.5,757.5,772.5,787.5,802.5,817.5,832.5,847.5,862.5,877.5,892.5,907.5,922.5,937.5,952.5,967.5,982.5,997.5,1012.5,1027.5,1042.5,1057.5,1072.5,1087.5,1102.5,1117.5,1132.5,1147.5,1162.5,1177.5,1192.5,1207.5,1222.5,1237.5,1252.5,1267.5,1282.5,1297.5,1312.5,1327.5,1342.5,1357.5,1372.5,1387.5,1402.5,1417.5,1432.5],"xname":"d$published_tod","equidist":true}
