{"breaks":[0,15,30,45,60,75,90,105,120,135,150,165,180,195,210,225,240,255,270,285,300,315,330,345,360,375,390,405,420,435,450,465,480,495,510,525,540,555,570,585,600,615,630,645,660,675,690,705,720,735,750,765,780,795,810,825,840,855,870,885,900,915,930,945,960,975,990,1005,1020,1035,1050,1065,1080,1095,1110,1125,1140,1155,1170,1185,1200,1215,1230,1245,1260,1275,1290,1305,1320,1335,1350,1365,1380,1395,1410,1425,1440],"counts":[52,44,37,32,36,34,24,21,23,16,16,30,23,10,21,14,3,5,7,4,5,3,9,3,5,12,6,3,4,16,23,19,19,13,21,27,23,23,30,22,29,25,29,50,36,47,34,44,49,59,61,55,61,41,53,43,39,46,53,56,49,43,34,31,33,49,47,42,44,51,50,51,43,36,48,44,47,39,42,46,45,30,49,56,61,51,45,38,53,62,38,60,49,40,57,41],"density":[0.00105306,0.000891049,0.000749291,0.000648036,0.00072904,0.000688538,0.000486027,0.000425273,0.000465776,0.000324018,0.000324018,0.000607533,0.000465776,0.000202511,0.000425273,0.000283516,6.07533e-05,0.000101256,0.000141758,8.10045e-05,0.000101256,6.07533e-05,0.00018226,6.07533e-05,0.000101256,0.000243013,0.000121507,6.07533e-05,8.10045e-05,0.000324018,0.000465776,0.000384771,0.000384771,0.000263264,0.000425273,0.00054678,0.000465776,0.000465776,0.000607533,0.000445525,0.000587282,0.000506278,0.000587282,0.00101256,0.00072904,0.000951802,0.000688538,0.000891049,0.000992305,0.00119482,0.00123532,0.00111381,0.00123532,0.000830296,0.00107331,0.000870798,0.000789793,0.000931551,0.00107331,0.00113406,0.000992305,0.000870798,0.000688538,0.000627785,0.000668287,0.000992305,0.000951802,0.000850547,0.000891049,0.00103281,0.00101256,0.00103281,0.000870798,0.00072904,0.000972053,0.000891049,0.000951802,0.000789793,0.000850547,0.000931551,0.0009113,0.000607533,0.000992305,0.00113406,0.00123532,0.00103281,0.0009113,0.000769542,0.00107331,0.00125557,0.000769542,0.00121507,0.000992305,0.000810045,0.00115431,0.000830296],"mids":[7.5,22.5,37.5,52.5,67.5,82.5,97.5,112.5,127.5,142.5,157.5,172.5,187.5,202.5,217.5,232.5,247.5,262.5,277.5,292.5,307.5,322.5,337.5,352.5,367.5,382.5,397.5,412.5,427.5,442.5,457.5,472.5,487.5,502.5,517.5,532.5,547.5,562.5,577.5,592.5,607.5,622.5,637.5,652.5,667.5,682.5,697.5,712.5,727.5,742.5,757.5,772.5,787.5,802.5,817.5,832.5,847.5,862.5,877.5,892.5,907.5,922.5,937.5,952.5,967.5,982.5,997.5,1012.5,1027.5,1042.5,1057.5,1072.5,1087.5,1102.5,1117.5,1132.5,1147.5,1162.5,1177.5,1192.5,1207.5,1222.5,1237.5,1252.5,1267.5,1282.5,1297.5,1312.5,1327.5,1342.5,1357.5,1372.5,1387.5,1402.5,1417.5,1432.5],"xname":"d$published_tod","equidist":true}
