{"breaks":[0,15,30,45,60,75,90,105,120,135,150,165,180,195,210,225,240,255,270,285,300,315,330,345,360,375,390,405,420,435,450,465,480,495,510,525,540,555,570,585,600,615,630,645,660,675,690,705,720,735,750,765,780,795,810,825,840,855,870,885,900,915,930,945,960,975,990,1005,1020,1035,1050,1065,1080,1095,1110,1125,1140,1155,1170,1185,1200,1215,1230,1245,1260,1275,1290,1305,1320,1335,1350,1365,1380,1395,1410,1425,1440],"counts":[57,80,69,60,43,51,44,34,27,32,24,11,16,14,13,14,7,15,8,19,13,21,17,16,15,16,26,24,33,44,29,53,33,66,57,70,70,80,74,81,98,73,62,90,92,94,71,97,64,90,80,62,107,86,86,96,108,116,85,91,95,82,78,102,79,93,66,63,104,89,113,93,96,85,100,112,98,119,78,93,86,88,96,138,111,95,94,124,89,85,75,94,118,87,76,83],"density":[0.00057567,0.000807958,0.000696864,0.000605969,0.000434278,0.000515073,0.000444377,0.000343382,0.000272686,0.000323183,0.000242388,0.000111094,0.000161592,0.000141393,0.000131293,0.000141393,7.06964e-05,0.000151492,8.07958e-05,0.00019189,0.000131293,0.000212089,0.000171691,0.000161592,0.000151492,0.000161592,0.000262586,0.000242388,0.000333283,0.000444377,0.000292885,0.000535272,0.000333283,0.000666566,0.00057567,0.000706964,0.000706964,0.000807958,0.000747362,0.000818058,0.000989749,0.000737262,0.000626168,0.000908953,0.000929152,0.000949351,0.000717063,0.00097965,0.000646367,0.000908953,0.000807958,0.000626168,0.00108064,0.000868555,0.000868555,0.00096955,0.00109074,0.00117154,0.000858456,0.000919053,0.000959451,0.000828157,0.000787759,0.00103015,0.000797859,0.000939252,0.000666566,0.000636267,0.00105035,0.000898854,0.00114124,0.000939252,0.00096955,0.000858456,0.00100995,0.00113114,0.000989749,0.00120184,0.000787759,0.000939252,0.000868555,0.000888754,0.00096955,0.00139373,0.00112104,0.000959451,0.000949351,0.00125234,0.000898854,0.000858456,0.000757461,0.000949351,0.00119174,0.000878655,0.00076756,0.000838257],"mids":[7.5,22.5,37.5,52.5,67.5,82.5,97.5,112.5,127.5,142.5,157.5,172.5,187.5,202.5,217.5,232.5,247.5,262.5,277.5,292.5,307.5,322.5,337.5,352.5,367.5,382.5,397.5,412.5,427.5,442.5,457.5,472.5,487.5,502.5,517.5,532.5,547.5,562.5,577.5,592.5,607.5,622.5,637.5,652.5,667.5,682.5,697.5,712.5,727.5,742.5,757.5,772.5,787.5,802.5,817.5,832.5,847.5,862.5,877.5,892.5,907.5,922.5,937.5,952.5,967.5,982.5,997.5,1012.5,1027.5,1042.5,1057.5,1072.5,1087.5,1102.5,1117.5,1132.5,1147.5,1162.5,1177.5,1192.5,1207.5,1222.5,1237.5,1252.5,1267.5,1282.5,1297.5,1312.5,1327.5,1342.5,1357.5,1372.5,1387.5,1402.5,1417.5,1432.5],"xname":"d$published_tod","equidist":true}
