{"breaks":[0,15,30,45,60,75,90,105,120,135,150,165,180,195,210,225,240,255,270,285,300,315,330,345,360,375,390,405,420,435,450,465,480,495,510,525,540,555,570,585,600,615,630,645,660,675,690,705,720,735,750,765,780,795,810,825,840,855,870,885,900,915,930,945,960,975,990,1005,1020,1035,1050,1065,1080,1095,1110,1125,1140,1155,1170,1185,1200,1215,1230,1245,1260,1275,1290,1305,1320,1335,1350,1365,1380,1395,1410,1425,1440],"counts":[61,59,33,31,34,33,22,27,17,17,16,32,21,11,17,2,8,11,5,4,10,3,4,13,5,8,5,16,15,20,12,18,13,21,19,19,24,30,40,30,32,24,35,35,36,34,40,31,32,36,33,45,47,48,44,37,26,41,30,34,37,44,36,36,47,44,48,29,35,51,37,45,49,46,41,43,44,50,45,32,50,50,58,47,67,45,43,61,54,62,57,56,54,53,70,52],"density":[0.00126137,0.00122002,0.000682382,0.000641026,0.00070306,0.000682382,0.000454921,0.000558313,0.00035153,0.00035153,0.000330852,0.000661704,0.000434243,0.000227461,0.00035153,4.13565e-05,0.000165426,0.000227461,0.000103391,8.2713e-05,0.000206782,6.20347e-05,8.2713e-05,0.000268817,0.000103391,0.000165426,0.000103391,0.000330852,0.000310174,0.000413565,0.000248139,0.000372208,0.000268817,0.000434243,0.000392887,0.000392887,0.000496278,0.000620347,0.00082713,0.000620347,0.000661704,0.000496278,0.000723739,0.000723739,0.000744417,0.00070306,0.00082713,0.000641026,0.000661704,0.000744417,0.000682382,0.000930521,0.000971878,0.000992556,0.000909843,0.000765095,0.000537634,0.000847808,0.000620347,0.00070306,0.000765095,0.000909843,0.000744417,0.000744417,0.000971878,0.000909843,0.000992556,0.000599669,0.000723739,0.00105459,0.000765095,0.000930521,0.00101323,0.000951199,0.000847808,0.000889165,0.000909843,0.00103391,0.000930521,0.000661704,0.00103391,0.00103391,0.00119934,0.000971878,0.00138544,0.000930521,0.000889165,0.00126137,0.00111663,0.00128205,0.00117866,0.00115798,0.00111663,0.00109595,0.00144748,0.00107527],"mids":[7.5,22.5,37.5,52.5,67.5,82.5,97.5,112.5,127.5,142.5,157.5,172.5,187.5,202.5,217.5,232.5,247.5,262.5,277.5,292.5,307.5,322.5,337.5,352.5,367.5,382.5,397.5,412.5,427.5,442.5,457.5,472.5,487.5,502.5,517.5,532.5,547.5,562.5,577.5,592.5,607.5,622.5,637.5,652.5,667.5,682.5,697.5,712.5,727.5,742.5,757.5,772.5,787.5,802.5,817.5,832.5,847.5,862.5,877.5,892.5,907.5,922.5,937.5,952.5,967.5,982.5,997.5,1012.5,1027.5,1042.5,1057.5,1072.5,1087.5,1102.5,1117.5,1132.5,1147.5,1162.5,1177.5,1192.5,1207.5,1222.5,1237.5,1252.5,1267.5,1282.5,1297.5,1312.5,1327.5,1342.5,1357.5,1372.5,1387.5,1402.5,1417.5,1432.5],"xname":"d$published_tod","equidist":true}
