{"breaks":[0,15,30,45,60,75,90,105,120,135,150,165,180,195,210,225,240,255,270,285,300,315,330,345,360,375,390,405,420,435,450,465,480,495,510,525,540,555,570,585,600,615,630,645,660,675,690,705,720,735,750,765,780,795,810,825,840,855,870,885,900,915,930,945,960,975,990,1005,1020,1035,1050,1065,1080,1095,1110,1125,1140,1155,1170,1185,1200,1215,1230,1245,1260,1275,1290,1305,1320,1335,1350,1365,1380,1395,1410,1425,1440],"counts":[40,30,13,22,26,22,14,13,13,19,8,5,3,0,4,7,1,2,4,5,3,1,4,1,4,3,2,6,8,10,14,15,20,11,22,10,18,19,27,20,12,20,19,16,13,24,16,22,19,23,12,15,13,24,23,24,26,25,19,15,13,21,35,31,12,20,17,25,31,32,32,26,29,23,25,22,22,22,31,46,32,48,30,24,39,32,28,43,41,29,35,24,24,24,17,27],"density":[0.00143292,0.00107469,0.000465699,0.000788107,0.000931399,0.000788107,0.000501522,0.000465699,0.000465699,0.000680638,0.000286584,0.000179115,0.000107469,0,0.000143292,0.000250761,3.5823e-05,7.16461e-05,0.000143292,0.000179115,0.000107469,3.5823e-05,0.000143292,3.5823e-05,0.000143292,0.000107469,7.16461e-05,0.000214938,0.000286584,0.00035823,0.000501522,0.000537346,0.000716461,0.000394053,0.000788107,0.00035823,0.000644815,0.000680638,0.000967222,0.000716461,0.000429876,0.000716461,0.000680638,0.000573169,0.000465699,0.000859753,0.000573169,0.000788107,0.000680638,0.00082393,0.000429876,0.000537346,0.000465699,0.000859753,0.00082393,0.000859753,0.000931399,0.000895576,0.000680638,0.000537346,0.000465699,0.000752284,0.00125381,0.00111051,0.000429876,0.000716461,0.000608992,0.000895576,0.00111051,0.00114634,0.00114634,0.000931399,0.00103887,0.00082393,0.000895576,0.000788107,0.000788107,0.000788107,0.00111051,0.00164786,0.00114634,0.00171951,0.00107469,0.000859753,0.0013971,0.00114634,0.00100304,0.00154039,0.00146874,0.00103887,0.00125381,0.000859753,0.000859753,0.000859753,0.000608992,0.000967222],"mids":[7.5,22.5,37.5,52.5,67.5,82.5,97.5,112.5,127.5,142.5,157.5,172.5,187.5,202.5,217.5,232.5,247.5,262.5,277.5,292.5,307.5,322.5,337.5,352.5,367.5,382.5,397.5,412.5,427.5,442.5,457.5,472.5,487.5,502.5,517.5,532.5,547.5,562.5,577.5,592.5,607.5,622.5,637.5,652.5,667.5,682.5,697.5,712.5,727.5,742.5,757.5,772.5,787.5,802.5,817.5,832.5,847.5,862.5,877.5,892.5,907.5,922.5,937.5,952.5,967.5,982.5,997.5,1012.5,1027.5,1042.5,1057.5,1072.5,1087.5,1102.5,1117.5,1132.5,1147.5,1162.5,1177.5,1192.5,1207.5,1222.5,1237.5,1252.5,1267.5,1282.5,1297.5,1312.5,1327.5,1342.5,1357.5,1372.5,1387.5,1402.5,1417.5,1432.5],"xname":"d$published_tod","equidist":true}
