{"breaks":[0,15,30,45,60,75,90,105,120,135,150,165,180,195,210,225,240,255,270,285,300,315,330,345,360,375,390,405,420,435,450,465,480,495,510,525,540,555,570,585,600,615,630,645,660,675,690,705,720,735,750,765,780,795,810,825,840,855,870,885,900,915,930,945,960,975,990,1005,1020,1035,1050,1065,1080,1095,1110,1125,1140,1155,1170,1185,1200,1215,1230,1245,1260,1275,1290,1305,1320,1335,1350,1365,1380,1395,1410,1425,1440],"counts":[68,42,50,43,36,31,35,31,25,17,17,25,11,4,9,20,8,6,7,4,8,9,6,12,11,13,20,37,29,45,67,48,44,65,68,96,81,84,72,84,71,92,83,116,99,124,102,97,129,127,144,156,149,132,162,146,160,129,173,155,178,181,193,192,177,190,206,204,200,174,167,174,140,135,148,145,109,135,83,80,103,72,76,71,86,67,67,70,85,82,94,76,76,86,55,63],"density":[0.000541358,0.000334368,0.000398057,0.000342329,0.000286601,0.000246796,0.00027864,0.000246796,0.000199029,0.00013534,0.00013534,0.000199029,8.75726e-05,3.18446e-05,7.16503e-05,0.000159223,6.36892e-05,4.77669e-05,5.5728e-05,3.18446e-05,6.36892e-05,7.16503e-05,4.77669e-05,9.55338e-05,8.75726e-05,0.000103495,0.000159223,0.000294563,0.000230873,0.000358252,0.000533397,0.000382135,0.000350291,0.000517475,0.000541358,0.00076427,0.000644853,0.000668737,0.000573203,0.000668737,0.000565242,0.000732426,0.000660775,0.000923493,0.000788154,0.000987183,0.000812037,0.000772232,0.00102699,0.00101107,0.00114641,0.00124194,0.00118621,0.00105087,0.00128971,0.00116233,0.00127378,0.00102699,0.00137728,0.00123398,0.00141708,0.00144097,0.0015365,0.00152854,0.00140912,0.00151262,0.00164,0.00162407,0.00159223,0.00138524,0.00132951,0.00138524,0.00111456,0.00107476,0.00117825,0.00115437,0.000867765,0.00107476,0.000660775,0.000636892,0.000819998,0.000573203,0.000605047,0.000565242,0.000684659,0.000533397,0.000533397,0.00055728,0.000676698,0.000652814,0.000748348,0.000605047,0.000605047,0.000684659,0.000437863,0.000501552],"mids":[7.5,22.5,37.5,52.5,67.5,82.5,97.5,112.5,127.5,142.5,157.5,172.5,187.5,202.5,217.5,232.5,247.5,262.5,277.5,292.5,307.5,322.5,337.5,352.5,367.5,382.5,397.5,412.5,427.5,442.5,457.5,472.5,487.5,502.5,517.5,532.5,547.5,562.5,577.5,592.5,607.5,622.5,637.5,652.5,667.5,682.5,697.5,712.5,727.5,742.5,757.5,772.5,787.5,802.5,817.5,832.5,847.5,862.5,877.5,892.5,907.5,922.5,937.5,952.5,967.5,982.5,997.5,1012.5,1027.5,1042.5,1057.5,1072.5,1087.5,1102.5,1117.5,1132.5,1147.5,1162.5,1177.5,1192.5,1207.5,1222.5,1237.5,1252.5,1267.5,1282.5,1297.5,1312.5,1327.5,1342.5,1357.5,1372.5,1387.5,1402.5,1417.5,1432.5],"xname":"d$published_tod","equidist":true}
