{"breaks":[0,15,30,45,60,75,90,105,120,135,150,165,180,195,210,225,240,255,270,285,300,315,330,345,360,375,390,405,420,435,450,465,480,495,510,525,540,555,570,585,600,615,630,645,660,675,690,705,720,735,750,765,780,795,810,825,840,855,870,885,900,915,930,945,960,975,990,1005,1020,1035,1050,1065,1080,1095,1110,1125,1140,1155,1170,1185,1200,1215,1230,1245,1260,1275,1290,1305,1320,1335,1350,1365,1380,1395,1410,1425,1440],"counts":[155,113,121,130,116,101,89,71,68,80,64,64,57,30,42,29,28,16,26,23,23,28,23,23,27,48,58,73,73,112,113,114,114,107,141,122,133,132,148,140,127,119,131,113,157,143,136,132,132,133,135,135,121,156,166,149,158,158,175,151,153,187,160,179,172,208,188,147,193,159,195,192,230,245,233,215,235,216,210,207,194,215,221,192,185,219,172,177,173,202,223,209,164,185,159,146],"density":[0.000797202,0.000581186,0.000622332,0.000668621,0.000596616,0.000519467,0.000457748,0.00036517,0.00034974,0.000411459,0.000329167,0.000329167,0.000293165,0.000154297,0.000216016,0.000149154,0.000144011,8.22918e-05,0.000133724,0.000118295,0.000118295,0.000144011,0.000118295,0.000118295,0.000138867,0.000246875,0.000298308,0.000375456,0.000375456,0.000576043,0.000581186,0.000586329,0.000586329,0.000550327,0.000725197,0.000627475,0.000684051,0.000678908,0.000761199,0.000720053,0.000653191,0.000612045,0.000673764,0.000581186,0.000807489,0.000735483,0.000699481,0.000678908,0.000678908,0.000684051,0.000694337,0.000694337,0.000622332,0.000802345,0.000853778,0.000766343,0.000812632,0.000812632,0.000900067,0.000776629,0.000786916,0.000961786,0.000822918,0.00092064,0.000884637,0.00106979,0.000966929,0.000756056,0.000992645,0.000817775,0.00100293,0.000987502,0.00118295,0.00126009,0.00119837,0.0011058,0.00120866,0.00111094,0.00108008,0.00106465,0.000997788,0.0011058,0.00113666,0.000987502,0.000951499,0.00112637,0.000884637,0.000910353,0.00088978,0.00103893,0.00114694,0.00107494,0.000843491,0.000951499,0.000817775,0.000750913],"mids":[7.5,22.5,37.5,52.5,67.5,82.5,97.5,112.5,127.5,142.5,157.5,172.5,187.5,202.5,217.5,232.5,247.5,262.5,277.5,292.5,307.5,322.5,337.5,352.5,367.5,382.5,397.5,412.5,427.5,442.5,457.5,472.5,487.5,502.5,517.5,532.5,547.5,562.5,577.5,592.5,607.5,622.5,637.5,652.5,667.5,682.5,697.5,712.5,727.5,742.5,757.5,772.5,787.5,802.5,817.5,832.5,847.5,862.5,877.5,892.5,907.5,922.5,937.5,952.5,967.5,982.5,997.5,1012.5,1027.5,1042.5,1057.5,1072.5,1087.5,1102.5,1117.5,1132.5,1147.5,1162.5,1177.5,1192.5,1207.5,1222.5,1237.5,1252.5,1267.5,1282.5,1297.5,1312.5,1327.5,1342.5,1357.5,1372.5,1387.5,1402.5,1417.5,1432.5],"xname":"d$published_tod","equidist":true}
