{"breaks":[0,15,30,45,60,75,90,105,120,135,150,165,180,195,210,225,240,255,270,285,300,315,330,345,360,375,390,405,420,435,450,465,480,495,510,525,540,555,570,585,600,615,630,645,660,675,690,705,720,735,750,765,780,795,810,825,840,855,870,885,900,915,930,945,960,975,990,1005,1020,1035,1050,1065,1080,1095,1110,1125,1140,1155,1170,1185,1200,1215,1230,1245,1260,1275,1290,1305,1320,1335,1350,1365,1380,1395,1410,1425,1440],"counts":[162,137,124,124,113,131,114,93,63,72,57,60,43,47,44,31,27,31,22,18,26,11,10,9,10,16,16,15,19,10,33,43,32,50,55,56,71,55,65,65,69,70,65,68,78,76,84,82,99,108,104,92,86,98,116,114,93,112,104,107,96,90,117,105,116,138,114,137,146,127,122,153,139,133,162,130,163,155,162,180,150,155,182,169,208,198,195,216,187,209,196,170,175,179,177,150],"density":[0.0011243,0.000950795,0.000860573,0.000860573,0.000784232,0.000909154,0.000791172,0.00064543,0.000437227,0.000499688,0.000395586,0.000416406,0.000298425,0.000326185,0.000305365,0.000215143,0.000187383,0.000215143,0.000152682,0.000124922,0.000180443,7.63412e-05,6.94011e-05,6.2461e-05,6.94011e-05,0.000111042,0.000111042,0.000104102,0.000131862,6.94011e-05,0.000229024,0.000298425,0.000222083,0.000347005,0.000381706,0.000388646,0.000492748,0.000381706,0.000451107,0.000451107,0.000478867,0.000485807,0.000451107,0.000471927,0.000541328,0.000527448,0.000582969,0.000569089,0.000687071,0.000749532,0.000721771,0.00063849,0.000596849,0.00068013,0.000805052,0.000791172,0.00064543,0.000777292,0.000721771,0.000742591,0.00066625,0.00062461,0.000811993,0.000728711,0.000805052,0.000957735,0.000791172,0.000950795,0.00101326,0.000881394,0.000846693,0.00106184,0.000964675,0.000923034,0.0011243,0.000902214,0.00113124,0.00107572,0.0011243,0.00124922,0.00104102,0.00107572,0.0012631,0.00117288,0.00144354,0.00137414,0.00135332,0.00149906,0.0012978,0.00145048,0.00136026,0.00117982,0.00121452,0.00124228,0.0012284,0.00104102],"mids":[7.5,22.5,37.5,52.5,67.5,82.5,97.5,112.5,127.5,142.5,157.5,172.5,187.5,202.5,217.5,232.5,247.5,262.5,277.5,292.5,307.5,322.5,337.5,352.5,367.5,382.5,397.5,412.5,427.5,442.5,457.5,472.5,487.5,502.5,517.5,532.5,547.5,562.5,577.5,592.5,607.5,622.5,637.5,652.5,667.5,682.5,697.5,712.5,727.5,742.5,757.5,772.5,787.5,802.5,817.5,832.5,847.5,862.5,877.5,892.5,907.5,922.5,937.5,952.5,967.5,982.5,997.5,1012.5,1027.5,1042.5,1057.5,1072.5,1087.5,1102.5,1117.5,1132.5,1147.5,1162.5,1177.5,1192.5,1207.5,1222.5,1237.5,1252.5,1267.5,1282.5,1297.5,1312.5,1327.5,1342.5,1357.5,1372.5,1387.5,1402.5,1417.5,1432.5],"xname":"d$published_tod","equidist":true}
