{"breaks":[0,15,30,45,60,75,90,105,120,135,150,165,180,195,210,225,240,255,270,285,300,315,330,345,360,375,390,405,420,435,450,465,480,495,510,525,540,555,570,585,600,615,630,645,660,675,690,705,720,735,750,765,780,795,810,825,840,855,870,885,900,915,930,945,960,975,990,1005,1020,1035,1050,1065,1080,1095,1110,1125,1140,1155,1170,1185,1200,1215,1230,1245,1260,1275,1290,1305,1320,1335,1350,1365,1380,1395,1410,1425,1440],"counts":[42,31,27,29,16,31,13,18,19,16,21,13,8,10,12,5,9,7,7,7,4,4,2,4,6,8,12,9,11,5,8,13,16,23,17,20,22,33,29,52,29,26,30,35,46,37,35,46,48,45,44,32,34,27,27,41,30,39,36,50,40,43,46,57,45,46,34,65,31,47,45,44,45,44,40,35,31,37,41,38,45,37,43,47,48,49,44,38,51,30,44,43,44,54,37,48],"density":[0.00095498,0.000704866,0.000613915,0.000659391,0.000363802,0.000704866,0.000295589,0.000409277,0.000432015,0.000363802,0.00047749,0.000295589,0.000181901,0.000227376,0.000272851,0.000113688,0.000204638,0.000159163,0.000159163,0.000159163,9.09504e-05,9.09504e-05,4.54752e-05,9.09504e-05,0.000136426,0.000181901,0.000272851,0.000204638,0.000250114,0.000113688,0.000181901,0.000295589,0.000363802,0.000522965,0.000386539,0.000454752,0.000500227,0.000750341,0.000659391,0.00118236,0.000659391,0.000591178,0.000682128,0.000795816,0.00104593,0.000841291,0.000795816,0.00104593,0.00109141,0.00102319,0.00100045,0.000727603,0.000773079,0.000613915,0.000613915,0.000932242,0.000682128,0.000886767,0.000818554,0.00113688,0.000909504,0.000977717,0.00104593,0.00129604,0.00102319,0.00104593,0.000773079,0.00147794,0.000704866,0.00106867,0.00102319,0.00100045,0.00102319,0.00100045,0.000909504,0.000795816,0.000704866,0.000841291,0.000932242,0.000864029,0.00102319,0.000841291,0.000977717,0.00106867,0.00109141,0.00111414,0.00100045,0.000864029,0.00115962,0.000682128,0.00100045,0.000977717,0.00100045,0.00122783,0.000841291,0.00109141],"mids":[7.5,22.5,37.5,52.5,67.5,82.5,97.5,112.5,127.5,142.5,157.5,172.5,187.5,202.5,217.5,232.5,247.5,262.5,277.5,292.5,307.5,322.5,337.5,352.5,367.5,382.5,397.5,412.5,427.5,442.5,457.5,472.5,487.5,502.5,517.5,532.5,547.5,562.5,577.5,592.5,607.5,622.5,637.5,652.5,667.5,682.5,697.5,712.5,727.5,742.5,757.5,772.5,787.5,802.5,817.5,832.5,847.5,862.5,877.5,892.5,907.5,922.5,937.5,952.5,967.5,982.5,997.5,1012.5,1027.5,1042.5,1057.5,1072.5,1087.5,1102.5,1117.5,1132.5,1147.5,1162.5,1177.5,1192.5,1207.5,1222.5,1237.5,1252.5,1267.5,1282.5,1297.5,1312.5,1327.5,1342.5,1357.5,1372.5,1387.5,1402.5,1417.5,1432.5],"xname":"d$published_tod","equidist":true}
