{"breaks":[0,15,30,45,60,75,90,105,120,135,150,165,180,195,210,225,240,255,270,285,300,315,330,345,360,375,390,405,420,435,450,465,480,495,510,525,540,555,570,585,600,615,630,645,660,675,690,705,720,735,750,765,780,795,810,825,840,855,870,885,900,915,930,945,960,975,990,1005,1020,1035,1050,1065,1080,1095,1110,1125,1140,1155,1170,1185,1200,1215,1230,1245,1260,1275,1290,1305,1320,1335,1350,1365,1380,1395,1410,1425,1440],"counts":[164,167,154,148,110,103,118,112,93,95,77,76,75,49,40,33,40,14,23,27,9,14,13,11,14,21,18,23,19,35,37,65,66,75,67,84,95,84,94,96,104,107,110,87,106,121,111,129,129,132,130,129,143,153,135,153,174,155,158,167,183,162,188,187,200,209,156,200,189,201,186,195,187,179,193,202,171,153,184,174,158,179,169,190,174,176,173,218,204,208,187,197,186,181,170,157],"density":[0.000917457,0.00093424,0.000861514,0.000827949,0.000615367,0.000576208,0.000660121,0.000626556,0.000520265,0.000531454,0.000430757,0.000425163,0.000419569,0.000274118,0.00022377,0.00018461,0.00022377,7.83195e-05,0.000128668,0.000151045,5.03482e-05,7.83195e-05,7.27252e-05,6.15367e-05,7.83195e-05,0.000117479,0.000100696,0.000128668,0.000106291,0.000195799,0.000206987,0.000363626,0.00036922,0.000419569,0.000374815,0.000469917,0.000531454,0.000469917,0.000525859,0.000537048,0.000581802,0.000598585,0.000615367,0.0004867,0.00059299,0.000676904,0.000620962,0.000721658,0.000721658,0.000738441,0.000727252,0.000721658,0.000799978,0.00085592,0.000755224,0.00085592,0.000973399,0.000867109,0.000883891,0.00093424,0.00102375,0.000906268,0.00105172,0.00104612,0.00111885,0.0011692,0.000872703,0.00111885,0.00105731,0.00112444,0.00104053,0.00109088,0.00104612,0.00100137,0.00107969,0.00113004,0.000956617,0.00085592,0.00102934,0.000973399,0.000883891,0.00100137,0.000945428,0.00106291,0.000973399,0.000984588,0.000967805,0.00121955,0.00114123,0.0011636,0.00104612,0.00110207,0.00104053,0.00101256,0.000951022,0.000878297],"mids":[7.5,22.5,37.5,52.5,67.5,82.5,97.5,112.5,127.5,142.5,157.5,172.5,187.5,202.5,217.5,232.5,247.5,262.5,277.5,292.5,307.5,322.5,337.5,352.5,367.5,382.5,397.5,412.5,427.5,442.5,457.5,472.5,487.5,502.5,517.5,532.5,547.5,562.5,577.5,592.5,607.5,622.5,637.5,652.5,667.5,682.5,697.5,712.5,727.5,742.5,757.5,772.5,787.5,802.5,817.5,832.5,847.5,862.5,877.5,892.5,907.5,922.5,937.5,952.5,967.5,982.5,997.5,1012.5,1027.5,1042.5,1057.5,1072.5,1087.5,1102.5,1117.5,1132.5,1147.5,1162.5,1177.5,1192.5,1207.5,1222.5,1237.5,1252.5,1267.5,1282.5,1297.5,1312.5,1327.5,1342.5,1357.5,1372.5,1387.5,1402.5,1417.5,1432.5],"xname":"d$published_tod","equidist":true}
